G_sol,DeltaG_sol,volume,sol_dip,O_charges,C_charges,Most_neg,Most_pos,Het_charges,MW,SASA,Lsolu_Hsolv,Lsolv_Hsolu
-21701.1004,1192.0051,162.73,4.52321,-1.77497,1.26482,-0.43309,0.50939,-1.9613,173.0848,310.5214844,10.758,17.2
-27724.24,-526.5967,308.963,5.96856,-0.77653,0.42313,-0.42737,0.3702,-1.54739,286.7171,483.7244263,11.343,14.972
-27400.5354,309.4812,289.732,7.57849,-2.04215,0.19798,-0.77509,1.9108,-1.17459,256.319,494.6982117,10.402,15.38
-22661.5791,77.557,174.622,7.72468,-1.53525,0.35871,-0.44578,0.52816,-1.00709,167.1208,326.756073,10.828,15.731
-31796.5781,70.7894,432.915,1.65558,-0.73668,0.21825,-0.37791,0.31476,-1.32262,355.4513,645.319397,11.444,14.92
-27135.4562,107.1125,294.375,11.6413,-2.04428,0.44937,-0.79218,1.91795,-1.69378,289.7361,468.5610657,10.577,14.961
-28056.4341,-59.924,327.756,3.29109,0,-0.21757,-0.17987,0.20188,-0.59582,320.045,497.0978699,11.845,15.132
-27196.4184,-265.2876,275.477,7.31788,-1.67284,1.33018,-0.54591,0.73221,-1.82208,257.2589,452.1102905,9.465,14.928
-26885.5799,189.1935,287.073,10.115,-2.2836,-0.21647,-0.79526,1.71212,-0.88082,267.299,464.4553833,10.289,14.475
-19380.7182,20.6824,133.446,1.7561,-0.39429,0.12218,-0.39429,0.21247,-0.39429,88.1492,294.401123,15.577,16.816
-22306.0506,-12.1209,225.644,6.93289,-0.50693,0.48336,-0.50693,0.39313,-1.13055,190.2444,372.1828003,11.895,14.259
-22044.2512,-4.3602,190.141,2.45841,0,-0.42789,-0.08167,0.08071,-0.08167,207.0693,342.4750671,11.526,14.253
-26204.6551,38.6536,266.609,9.21725,-3.45938,-1.19151,-0.78214,1.94553,-0.00337,283.3318,426.3872681,10.146,15.824
-29127.7644,-428.7854,308.903,3.92495,0,0.83779,-0.50358,0.40166,-1.8915,252.3366,521.8492432,12.843,14.711
-19031.0573,16.4777,134.061,1.8231,-0.3808,0.07136,-0.3808,0.20834,-0.3808,88.1492,285.1423645,15.534,16.509
-25379.2169,-221.5583,214.657,4.88238,-2.2233,1.16556,-0.44259,0.43945,-2.2233,210.1428,367.5466919,10.944,15.624
-26137.0864,-485.5475,235.695,6.8592,-1.45757,-0.39512,-0.72882,1.89866,0.00966,240.1038,393.8843079,9.001,15.515
-25912.4089,-12.9089,313.829,0.135714,0,-0.69625,-0.0708,0.07299,0,256.3464,471.7829895,11.15,13.635
-23509.084,-17.2429,230.24,1.79715,-0.32117,-0.52156,-0.32117,0.23511,-0.32117,194.2324,382.6009216,11.062,13.419
-32116.9702,572.208,411.622,12.0976,-2.32875,1.75937,-0.46691,0.48001,-3.43715,376.3682,598.2529907,10.355,14.68
-19853.4077,7.106,151.022,5.1769,-0.53111,1.35913,-0.53111,0.51376,-1.43565,116.1626,310.6023865,13.975,15.277
-29507.1158,9.1158,378.289,1.89241,-1.0558,0.27842,-0.40561,0.38834,-1.28692,339.2176,554.1115112,11.674,15.225
-30768.8431,74.8934,366.14,5.11429,-1.22103,0.62483,-0.41239,0.38196,-1.42392,341.1902,582.737915,11.723,14.68
-18513.0209,-34.4463,111.471,1.65919,-0.78267,0.52291,-0.45084,0.42529,-0.78267,86.0902,256.6029358,12.256,16.072
-22534.9515,7.3747,240.324,0.0025002,0,-0.68148,-0.06419,0.06977,0,202.255,387.6643066,11.382,13.806
-20138.9434,-23.1078,158.543,0.00963258,0,1.40917,-0.17969,0.35263,-1.40916,200.0312,279.024231,11.826,18.956
-19885.1277,-128.9905,135.633,1.71372,-0.15247,-0.01644,-0.32493,0.19073,-0.4774,119.1226,277.8566895,11.792,14.771
-17024.1063,-4.6302,90.1907,1.7551,-0.39424,0.15761,-0.39424,0.21246,-0.39424,60.0956,231.9210052,15.706,16.818
-21660.4608,-34.0649,157.339,7.70166,-0.76257,-0.06786,-0.39107,0.52411,-0.31275,157.5561,303.1655273,10.792,15.558
-26432.9266,22.5413,317.518,0.000362313,0,-0.18914,-0.03129,0.02764,0,198.391,561.4718628,15.535,16.619
-21904.3301,19.6676,209.189,0.00506334,0,-0.09757,-0.03129,0.02766,0,128.257,402.8521729,15.602,16.812
-22193.0898,-128.5955,170.033,7.04176,-1.08533,0.1328,-0.39692,0.53049,-0.55484,153.1372,327.4183044,10.959,15.174
-24939.1744,320.4394,253.189,2.53306,-0.69068,0.20433,-0.354,0.35586,-0.78229,242.6611,405.4375916,10.809,15.326
-23802.7242,-129.3795,183.338,8.41314,-1.50997,0.57323,-0.44168,0.52993,-1.16159,185.1113,333.4155579,10.618,15.832
-25095.9443,532.2941,226.808,5.32846,-1.69371,0.05277,-0.84693,1.83073,-1.68687,214.2416,398.3703003,11.232,14.377
-31304.3125,-432.9867,390.899,11.0265,-1.19001,0.82127,-0.47713,0.46897,-2.17122,345.3727,566.1650391,11.322,14.46
-17946.6905,7.7071,112.592,1.84711,-0.38348,0.08509,-0.38348,0.20929,-0.38348,74.1224,255.5167847,15.585,16.607
-22780.7775,-1303.0232,149.416,6.17676,-1.10955,-0.03873,-0.3927,0.52732,-0.58223,139.1104,295.6150818,10.881,15.539
-23392.1962,167.4682,197.311,4.01614,-1.23414,0.34687,-0.45075,0.52902,-1.03397,180.1628,358.5602417,10.892,15.014
-24837.8475,327.8506,250.248,3.17,-0.30493,0.11957,-0.30493,0.2327,-0.80762,212.2506,424.2249146,11.7,14.04
-26045.6739,-56.7936,266.363,1.94086,-0.75969,0.46566,-0.43648,0.38022,-0.75969,186.2936,476.4190369,13.12,16.905
-19754.8788,19.2681,164.931,0.0291025,0,-0.00787,-0.09147,0.04204,0,100.2034,318.7668762,15.608,17.097
-24406.9359,-350.1137,210.383,7.29062,-1.91384,-0.1195,-0.75693,1.96452,-0.71463,222.2364,381.27771,10.077,15.972
-18560.2618,-3.8526,133.77,1.78477,-0.36997,0.31558,-0.36997,0.19368,-0.36997,88.1492,275.2158203,15.266,16.423
-23321.897,-788.3102,193.525,5.50908,-0.60792,-0.02438,-0.34643,0.31696,-0.67675,173.1708,346.1882019,10.845,14.722
-31804.8212,28.9099,446.266,0.00065966,0,-0.29894,-0.03128,0.02766,0,282.5518,751.9406128,15.504,16.527
-28239.4518,42.3277,386.214,2.46265,0,-0.21857,-0.36016,0.17271,-0.52718,312.472,544.8123169,11.957,13.614
-24910.1109,223.5003,223.067,5.17391,-2.23203,0.55537,-0.42657,0.53052,-1.17351,226.1452,386.506012,10.433,16.248
-25674.9289,-689.7494,216.79,1.79162,0,0.16407,-0.06132,0.11582,-0.27991,250.3389,348.6462708,10.936,15.754
-18243.7199,3.3211,109.787,1.92074,-0.77776,0.39063,-0.46017,0.44211,-0.77776,86.0902,245.2653961,12.227,15.877
-21915.6725,229.8369,168.599,8.19742,-1.06395,0.12616,-0.40614,0.53208,-0.53187,153.1372,325.3274231,10.997,15.02
-32698.7316,10.3095,467.337,7.92621,-1.42229,0.56835,-0.43065,0.35849,-1.51591,402.9169,595.6069336,11.319,15.253
-21689.3346,21.1392,182.118,3.86527,-0.46711,0.19309,-0.46711,0.35999,-1.17632,150.1798,350.076355,12.484,13.63
-29680.6559,212.6857,396.956,5.03313,-0.73385,-0.15602,-0.37528,0.29767,-0.73385,312.451,527.2573853,12.027,15.465
-19003.205,-29.65,128.323,0.175214,0,-0.38655,-0.09235,0.06242,0,92.1402,269.8972168,12.363,14.582
-23818.994,145.9471,182.463,2.8316,-1.90586,0.77809,-0.38479,0.40805,-1.90586,176.1256,339.4249268,11.69,14.865
-23750.6922,241.0704,182.454,2.83471,-1.90588,0.77797,-0.38479,0.40806,-1.90588,176.1256,339.2073364,11.69,14.864
-26280.826,-107.052,274.022,1.89507,-0.30906,1.12187,-0.41577,0.36799,-1.50687,209.2906,453.3644409,12.029,14.578
-19745.1318,81.0554,132.852,2.79003,-0.20206,-0.27939,-0.29299,0.22552,-0.49505,109.1274,281.6398926,12.522,13.833
-26435.5169,48.3249,278.462,7.23375,-1.25186,0.55445,-0.7626,1.18048,-1.41783,261.0875,443.2096558,10.865,16.254
-22755.3591,87.9595,179.536,7.09399,-0.74907,0.03791,-0.3825,0.52442,-0.35028,192.0012,324.2919312,10.642,15.694
-22371.9886,11.7772,202.973,3.18213,-0.74859,0.09563,-0.43427,0.38999,-1.08895,165.1914,356.9197998,12.303,15.008
-23241.4801,102.8506,238.349,0.080924,0,-0.6106,-0.07659,0.07273,0,192.2598,395.0820618,11.089,13.46
-19904.8627,92.0369,143.647,3.48465,0,0.64414,-0.35193,0.2314,-1.13785,132.1244,281.3888855,10.794,15.616
-20117.9443,-4.9702,149.377,1.78339,-0.71879,-0.01754,-0.39089,0.23071,-0.71879,124.139,297.1837769,12.244,14.866
-24234.3912,93.6628,292.069,0.00245331,0,-0.81316,-0.06529,0.06879,0,252.3148,442.4205322,10.868,13.299
-28903.9558,147.6344,350.264,10.1002,-1.18682,0.86355,-0.47725,0.46934,-2.20265,317.3191,527.6193237,11.258,14.46
-26799.4535,76.0395,293.868,10.3953,-1.16541,0.36161,-0.45396,0.55743,-1.38963,260.2518,472.7465515,10.82,15.068
-31866.6735,-210.4858,372.206,7.65681,-0.76672,-0.06078,-0.59284,0.87951,-0.63097,412.0646,541.399231,10.143,14.846
-25317.4015,102.261,241.129,2.84441,-0.81273,0.56075,-0.49501,0.50738,-1.23773,213.6633,431.9839172,12.007,14.758
-21573.0399,15.132,192.121,0.049371,0,-0.47185,-0.09389,0.0692,0,154.211,347.111145,11.657,14.031
-25953.3181,-456.9755,282.881,3.71476,-0.85424,0.38124,-0.4815,0.50257,-1.59851,252.272,458.2911377,12.096,15.052
-20264.1002,-34.8556,175.715,0.0129328,0,-0.35827,-0.08146,0.06486,0,132.2048,328.6447144,12.393,14.886
-24977.9579,96.766,265.084,4.15452,-0.45915,-0.07452,-0.45915,0.36318,-0.78242,223.2738,450.1101379,11.684,14.054
-31270.1693,-608.2206,365.835,3.38716,-3.84738,1.70071,-0.3767,0.23373,-3.84738,342.2992,493.2972412,14.751,16.169
-17129.2558,-39.8266,97.6588,2.63574,0,0.28225,-0.35586,0.18904,-0.71064,80.089,226.633606,12.06,15.834
-29460.233,-307.3351,409.104,4.30644,-1.06344,0.20182,-0.37076,0.297,-1.06344,330.4662,532.7588501,12.068,15.457
-28378.3731,29.3535,360.802,0.000465223,0,-0.22576,-0.0313,0.02766,0,226.4446,625.7022705,15.522,16.579
-23566.047,-11.8046,212.839,5.32529,0,0.32761,-0.22529,0.29708,-0.6313,230.9084,357.5361938,11.047,15.763
-30132.5572,-281.3996,372.577,9.94113,-1.26851,0.30167,-0.42756,0.4581,-1.39369,342.7781,561.8047485,11.271,14.673
-27135.1596,-7.1739,341.431,2.3999,-0.27974,0.05268,-0.27974,0.11756,-0.67877,380.9126,449.0848389,11.105,16.331
-26180.1369,30.2122,277.411,2.36537,-0.44342,0.43773,-0.44342,0.29168,-0.80958,215.353,442.8586121,13.1,15.521
-24328.5811,-263.6322,195.122,8.13776,-1.50494,0.45713,-0.44018,0.52607,-1.03885,201.5659,347.6925964,10.612,15.822
-22037.2882,-266.4271,165.285,2.89214,-0.7557,0.62354,-0.37996,0.26137,-0.7557,118.1754,344.4158325,15.112,16.761
-17486.2895,-22.3779,88.2046,3.11434,-0.7568,0.49839,-0.43902,0.38089,-1.10803,75.067,221.2525482,13.142,15.983
-18429.484,-12.4364,118.125,1.81694,-0.38075,0.18551,-0.38075,0.15658,-0.38075,86.1334,258.708252,15.329,16.353
-28271.3473,50.936,292.477,4.48474,-0.38767,0.26918,-0.19414,0.11581,-0.59947,321.9744,448.1057434,10.964,14.379
-24715.5703,112.5944,216.013,0.0051142,-1.5074,1.12579,-0.43385,0.38323,-1.5074,174.1962,403.8544312,13.038,17.134
-16750.8523,-46.2186,77.2092,4.49247,-0.49439,0.3755,-0.49439,0.3628,-0.86723,59.0676,209.3953094,13.575,16.173
-22154.9495,-14.4603,188.762,2.20626,0,-0.43029,-0.07432,0.07637,-0.07432,207.0693,336.5732727,11.484,14.261
-26995.5921,198.872,292.564,4.53619,-1.65241,1.40578,-0.47161,0.4367,-2.43817,250.2536,467.513855,11.709,15.21
-28966.3916,-506.8286,287.738,12.2943,-3.08973,0.44045,-0.77861,1.90816,-1.72519,331.2841,453.0450439,10.297,15.263
-18509.6884,-0.3583,145.711,0.0186762,0,-0.11447,-0.0187,0.01095,0,98.1876,290.4169312,15.461,17.175
-16422.0147,4.3108,85.6188,2.01559,0,-0.0296,-0.06201,0.03241,-0.06084,62.1294,217.2097015,13.826,15.245
-30521.1225,-127.8554,327.189,6.28674,-0.8503,0.22193,-0.55129,0.73205,-0.69724,274.3907,535.8725586,9.492,14.91
-29691.1652,28.234,351.537,3.88397,-1.46103,0.91702,-0.41907,0.42905,-1.46103,278.3474,579.3273926,11.42,15.427
-20915.534,49.1028,151.387,6.07147,-0.79033,-0.12957,-0.39971,0.53031,-0.62048,138.1256,295.538208,11.163,14.372
-22236.0669,-16.4192,206.05,8.62256,0,-0.22402,-0.2114,0.33007,-0.22459,189.2344,346.7327271,11.461,14.82
-26734.4477,-1065.3229,223.278,5.48115,-2.2366,0.6105,-0.76124,1.39029,-0.84631,182.1559,412.8551636,10.783,17.014
-23728.5106,70.8569,261.283,4.81216,-0.53253,0.90381,-0.53253,0.50758,-1.39619,198.3076,436.5383911,14.063,15.535
-20064.4754,-239.5581,131.064,0.892129,0,0.26137,-0.08346,0.34483,-0.26137,144.3877,255.1771545,10.941,18.658
-24554.95,45.8232,265.602,2.76217,-0.8469,0.84387,-0.47556,0.49763,-1.61834,218.2548,432.7621155,12.222,15.071
-30703.4085,-191.7895,376.117,5.82818,-1.97167,1.29556,-0.76954,1.99899,-1.80016,316.4176,577.2781372,10.206,14.901
-28902.441,-61.3206,342.103,8.79864,-1.54415,-0.40326,-0.77475,1.90557,-0.66066,312.404,533.2980957,10.378,14.469
-19312.9484,25.8439,133.681,5.56977,-0.50936,0.38605,-0.50936,0.39416,-0.79701,109.1274,277.9747314,11.95,14.357
-25564.9756,-8.6549,255.83,5.82087,-2.74235,-1.20452,-0.82498,1.94518,0.14744,267.3324,418.5163269,10.367,15.746
-28836.5544,57.5702,318.462,4.7063,-1.26285,0.27793,-0.39922,0.53234,-0.92616,314.1244,505.0493469,10.745,15.05
-20358.569,95.9728,145.246,4.18078,-0.4767,0.15225,-0.4767,0.4054,-0.81123,121.1384,301.1521912,12.338,14.459
-21962.158,54.3417,188.07,2.57443,0,0.03294,-0.25289,0.1252,-0.25289,134.6485,367.2807617,13.034,17.062
-26954.8647,-8.0559,287.773,5.32539,-1.21287,0.52989,-0.46987,0.36809,-1.80219,246.2652,465.104248,12.246,13.996
-24056.3473,141.5954,209.81,0.33216,-2.23296,0.6425,-0.38706,0.21889,-2.23296,182.173,360.1988831,14.83,16.197
-18341.0382,36.3526,125.437,3.11244,-0.36569,0.20104,-0.36569,0.26314,-0.36569,86.1334,279.8872375,12.873,16.178
-31553.6753,-983.1564,375.567,7.34481,-1.17977,1.04387,-0.47581,0.46946,-2.33726,349.3364,552.3091431,11.094,14.548
-18707.7356,-6.7036,115.599,2.01072,-0.76612,0.38351,-0.44739,0.38527,-0.76612,88.106,259.8746643,13.181,17.059
-22563.7361,94.8786,183.196,2.44117,-0.75199,0.37849,-0.43934,0.35901,-1.16861,149.2074,337.9596558,12.998,15.16
-18781.6148,-17.6028,112.06,5.18649,-0.76378,0.04452,-0.38467,0.47084,-0.29294,89.0938,252.7227478,11.411,17.387
-20265.1927,-11.4708,173.685,1.85525,-0.38323,-0.06568,-0.38323,0.21056,-0.38323,128.2138,322.7430725,15.34,16.488
-21707.1809,-205.6481,172.551,8.21621,0,0.65122,-0.56822,0.30322,-1.23978,132.2232,339.4888916,12.639,14.222
-28018.4958,82.267,364.43,3.81394,-0.72592,-0.01707,-0.38395,0.28891,-0.72592,288.429,496.0800476,12.789,15.312
-27065.1416,40.8176,336.249,4.72827,-0.50982,0.35191,-0.50982,0.50914,-1.29952,268.3578,527.4960327,12.295,14.818
-22517.3652,-13.5565,211.614,4.0809,0,-0.17201,-0.36968,0.24763,-0.74126,173.217,385.3661804,12.014,14.276
-30558.1716,18.7521,390.715,2.06551,-1.05534,0.1914,-0.40548,0.38837,-1.19499,428.1196,567.260437,11.675,15.245
-18107.6415,-18.0693,95.6045,3.78682,-0.73251,0.50258,-0.42382,0.37364,-0.92875,94.4975,222.8913269,12.569,17.309
-24595.7866,830.5752,204.225,2.6617,-1.67046,1.39077,-0.44346,0.37314,-2.41829,176.1718,386.9068298,12.394,16.078
-24800.9253,-851.3269,203.368,5.54967,-0.28523,0.27444,-0.28523,0.1973,-0.52106,211.4749,351.4087219,11.46,15.041
-27939.7015,-431.9484,297.654,3.65416,-0.97586,0.89105,-0.3945,0.49456,-1.47922,286.114,475.6845703,11.511,15.396
-24802.8695,27.4587,257.818,5.90076,0,0.14554,-0.39152,0.23321,-0.68516,253.1411,421.462738,12.061,14.098
-25305.3078,-16.6296,297.161,0.692647,0,-0.81416,-0.07298,0.07206,0,252.3148,458.2511292,10.997,13.958
-27478.5811,68.2436,293.977,1.89059,-1.19565,0.81515,-0.45311,0.43647,-1.59058,235.2822,488.8417358,11.713,15.209
-21897.9015,-262.8559,177.102,8.1299,0,0.08476,-0.56082,0.29945,-1.12536,152.2136,337.3738098,12.089,13.982
-25754.448,-487.4321,226.037,4.4674,-0.2778,0.36774,-0.2778,0.19435,-0.53501,245.92,371.6450806,11.152,15.214
-27024.194,39.545,318.572,1.92157,-1.18138,0.90891,-0.44186,0.4365,-1.59721,261.32,504.3084106,11.708,15.211
-25783.8129,-62.0678,274.906,5.65947,-0.63803,0.7585,-0.47829,0.50597,-1.16931,218.3134,446.6631165,12.568,15.146
-27217.9264,260.6614,303.537,0.683305,-0.7773,-0.07706,-0.46152,0.44936,-1.1469,253.3,513.734375,11.862,14.051
-28903.0744,-208.6249,333.542,5.64021,-3.16286,-0.78088,-0.79724,1.90594,-1.05002,327.3724,526.576416,10.472,14.474
-27180.4909,-1090.7804,267.748,9.01368,-1.57657,-0.36381,-0.79648,1.91068,-0.96898,249.2868,445.4780273,10.765,14.401
-16213.0719,5.4739,97.2087,1.33496,0,0.44538,-0.41055,0.14857,-0.41055,59.1108,231.6235657,15.229,15.534
-18992.9355,19.5481,135.828,2.54645,0,-0.22504,-0.39994,0.19745,-0.79971,108.1426,280.3762817,12.637,13.332
-23378.6766,73.4482,212.551,4.32356,-0.83401,0.55539,-0.53455,0.50337,-1.56269,180.206,399.1862183,12.31,14.13
-26664.115,67.6079,281.456,2.30208,-1.18755,0.94444,-0.44723,0.43662,-1.6141,233.2664,462.1484375,11.71,15.211
-25673.9083,-1377.4925,227.099,2.50335,-0.43274,-0.05191,-0.21658,0.09455,-0.54082,218.6391,391.8879089,11.556,14.096
-19787.6833,132.2303,115.44,8.4877,-0.91803,0.88797,-0.50038,0.50001,-1.65067,102.0926,263.699646,12.97,16.24
-32531.7173,26.146,414.576,1.76081,-0.39429,-0.11582,-0.39429,0.21249,-0.39429,270.4976,703.4942627,15.474,16.569
-17761.3976,-5.7378,118.516,0.00460291,0,0.23921,-0.3679,0.13581,-0.73558,86.1364,258.3045959,15.212,14.947
-23542.6363,214.6412,189.81,3.64549,0,-0.17014,-0.05051,0.09342,-0.10801,314.8017,325.346344,11.606,15.493
-18635.5793,88.4582,112.988,2.80946,-0.32008,0.02868,-0.32008,0.23255,-0.62016,95.1006,249.175705,12.074,15.139
-30591.8557,-208.2405,395.854,8.4007,-1.45063,1.77639,-0.4784,0.4704,-2.58241,361.3721,564.1416016,11.206,14.448
-18455.5897,-308.5729,88.3793,2.8582,-0.86699,0.73385,-0.5269,0.50734,-1.22565,75.067,226.4566956,13.773,16.354
-36867.088,-90.268,607.368,3.39663,-0.73918,-0.49211,-0.37902,0.21095,-1.11642,471.6814,850.286499,12.247,14.86
-25062.7357,719.1812,250.16,7.20439,-0.61106,0.3501,-0.44951,0.39827,-1.06057,223.2306,424.4527893,11.072,15.021
-32751.1315,-120.978,408.038,5.80795,-1.48404,0.72846,-0.42106,0.42538,-2.26457,372.8073,612.8497314,11.42,14.097
-27360.8708,23.8567,325.74,2.4482,-1.20044,0.52417,-0.42846,0.52815,-1.34278,295.297,506.9263916,10.703,15.024
-25527.5761,35.6552,313.492,0.268027,0,-0.81996,-0.06121,0.06977,0,276.3368,460.6960754,10.921,13.448
-27401.4196,377.5132,298.626,4.42866,-1.9271,-0.73519,-0.78038,1.94422,-0.27373,281.3438,486.0562134,10.462,15.143
-29561.4675,16.4996,432.361,5.85004,-0.74304,0.07475,-0.38799,0.30078,-0.74304,340.5046,552.105896,11.531,14.943
-16004.4556,-39.8553,68.8962,0.151016,0,0.14203,-0.2883,0.14233,-0.55022,46.0718,197.1527557,14.786,14.864
-29887.7863,144.6126,385.322,2.92547,-1.12243,0.40823,-0.40097,0.39377,-1.54121,324.3786,596.2441406,11.772,14.497
-29093.6743,237.3272,322.825,3.10963,-1.72613,0.64799,-0.39091,0.67144,-1.3729,328.2039,507.5221863,10.672,15.706
-30447.1654,-71.0099,359.57,2.64609,-1.38039,0.68396,-0.51454,0.5096,-1.76637,301.3414,602.6848755,12.173,14.268
-24578.8891,74.4611,262.21,0.185741,0,-0.72583,-0.10019,0.08464,0,216.2818,425.7159424,11.444,13.938
-31249.0677,-338.3682,390.244,8.29407,-0.78914,0.75875,-0.41891,0.36315,-1.36366,311.8509,569.6134644,11.998,15.099
-26985.2563,-133.601,282.721,3.91033,0,-0.18071,-0.08069,0.10435,-0.27073,291.9914,442.2168274,11.089,14.872
-27983.135,78.8601,327.205,1.76103,-0.39427,-0.04257,-0.39427,0.21247,-0.39427,214.3904,577.6259766,15.481,16.654
-27938.5305,87.2884,312.659,4.10287,-0.75392,0.53129,-0.45457,0.2957,-1.13566,253.3586,524.4295654,12.398,14.546
-32135.7449,921.6984,405.777,7.86387,-1.50513,0.75868,-0.56823,0.96374,-1.52687,345.3927,605.788147,10.426,14.574
-20310.1005,16.9747,140.017,2.59346,-0.32444,-0.11883,-0.32444,0.23434,-0.44278,128.5579,282.5514526,11.994,15.071
-19485.6499,-28.3436,143.8,2.49518,0,0.0134,-0.30206,0.0904,-0.30206,107.1548,290.56604,12.127,15.095
-28966.3991,-86.4111,298.369,2.20292,-1.24361,0.8553,-0.58853,1.08085,-1.12993,322.53,459.7139282,9.746,15.074
-17629.1216,-45.5306,92.8374,4.14116,-0.50154,0.26673,-0.50154,0.41428,-0.87458,71.0786,229.4373322,12.542,15.912
-27867.0012,-336.1304,272.577,2.89481,-0.39656,0.17388,-0.19892,0.10892,-0.60908,287.5293,431.7147217,11.154,14.299
-11814.1944,-2.1118,49.1373,0.000301296,0,-0.32628,-0.16315,0.16316,0,26.0378,153.3953247,14.309,16.64
-26294.505,1.5378,306.89,2.72236,-0.6669,0.25314,-0.36114,0.25299,-1.36613,256.3036,480.0740051,11.822,14.616
-28507.2244,23.6942,393.265,1.27227,-0.3602,-0.12417,-0.37352,0.20031,-0.73372,301.471,563.4611206,12.322,14.999
-34235.1922,-1544.6405,391.784,10.7667,-2.25896,1.16099,-0.46761,0.50534,-2.00347,346.339,548.0637817,11.056,14.484
-25328.3652,-21.8857,239.307,4.99567,-1.11209,0.65394,-0.42632,0.36229,-1.33785,243.6643,381.9944153,11.603,14.839
-25934.3404,-87.9523,256.906,6.52449,-3.4091,-1.08576,-0.7858,1.9491,0.11313,281.316,423.7268982,9.948,16.134
-24639.6975,-756.941,208.041,7.04708,-1.31204,0.48931,-0.51119,0.52105,-1.51669,198.1378,387.242157,9.989,14.386
-29593.9202,173.1842,339.51,1.18581,-1.57057,1.03471,-0.49902,0.51016,-2.18231,300.3134,572.0317383,11.981,14.581
-24131.1861,15.4871,239.238,4.5059,-0.74293,0.1824,-0.43085,0.39044,-1.40991,205.2158,398.8522644,11.933,14.349
-23862.3066,0.634,276.246,0.0029075,0,-0.81013,-0.05921,0.07232,0,228.2928,441.3423767,10.749,13.061
-28179.171,-240.9379,312.597,10.1041,-3.46855,-1.36131,-0.79775,1.94942,0.03089,319.3648,492.1851501,10.38,15.536
-27622.5383,142.7648,304.123,1.26495,-1.57023,1.15261,-0.44513,0.43642,-1.98432,251.2816,489.1829224,11.709,15.211
-36665.5355,836.9046,523.084,3.90869,-1.46088,0.82277,-0.4191,0.42904,-1.46088,390.5618,773.0043945,11.42,15.427
-29536.9634,70.3233,352.782,7.10539,-1.17971,1.05163,-0.47572,0.46944,-2.35958,335.3096,530.4804077,11.097,14.547
-38013.0504,110.3085,521.912,3.92768,-1.91419,1.51126,-0.44645,0.37786,-2.95492,467.348,699.114624,11.751,14.491
-20129.0897,15.8967,165.818,0.00511588,0,-0.061,-0.03129,0.02766,0,100.2034,340.0371704,15.661,16.974
-23705.1737,-18.1794,212.267,3.44962,-1.07032,1.14447,-0.53652,0.52801,-2.61212,186.173,396.4159546,11.714,15.112
-26828.2114,15.5351,319.28,4.94093,-0.43121,0.53553,-0.43121,0.3672,-1.13092,246.3516,476.7664795,12.24,14.721
-20295.2615,-28.8886,137.277,4.7241,-0.47819,0.5388,-0.47819,0.43421,-1.30435,123.114,281.4981995,11.393,15.675
-21731.8433,-417.1537,148.124,7.25615,-1.09242,-0.04104,-0.39886,0.52854,-0.56388,139.1104,288.7661743,10.922,15.33
-30771.9161,-34.8207,378.576,4.06748,-1.45929,0.6404,-0.41893,0.42902,-1.45929,312.3646,604.6594238,11.418,15.073
-27327.1031,469.7775,289.545,2.38349,-0.26943,1.79474,-0.51158,0.42642,-2.43552,225.293,491.2127075,12.369,15.29
-26991.1694,-153.8187,315.649,3.30898,-0.46716,1.12574,-0.46716,0.44144,-1.79242,268.3176,480.7107239,11.603,14.493
-18521.9576,-0.0295,117.505,1.87326,-0.32946,-0.24685,-0.32946,0.22933,-0.32946,94.1128,257.9651184,12.332,14.864
-25104.4474,87.0315,265.744,5.86693,-1.11589,1.18222,-0.4914,0.51323,-1.53108,211.2602,443.2851563,11.457,15.764
-28614.6344,-29.9947,326.948,7.52288,-0.74135,0.72745,-0.51245,0.50627,-1.64754,290.7487,537.6580811,11.958,14.421
-19809.0382,-53.6627,139.251,1.84357,-0.32958,-0.18262,-0.32958,0.22983,-0.32958,108.1396,289.1115417,12.248,14.783
-24336.2696,-119.4099,193.241,3.3287,-1.44611,1.12405,-0.40312,0.37742,-1.44611,160.1694,386.0081177,12.955,16.816
-23072.2964,-0.7256,217.808,6.57281,-0.73454,-0.28512,-0.36783,0.50712,-0.22742,187.1976,368.846344,11.109,14.575
-24286.3094,-248.3108,241.513,3.19063,0,-0.3804,-0.11553,0.07967,-0.23104,223.1012,400.2556458,11.811,14.868
-21036.507,187.494,152.966,4.00765,-1.52782,0.75839,-0.44637,0.38704,-1.52782,132.1158,307.7828979,13.15,17.048
-29113.5195,157.6312,334.439,12.558,-1.88592,0.068,-0.7592,1.88589,-1.04092,309.3392,516.9658813,10.003,14.555
-18898.6558,8.737,131.801,3.25385,-0.36145,0.09422,-0.36145,0.25781,-0.36145,98.1444,275.7168884,12.817,16.143
-29658.9571,95.9582,355.138,3.38285,-0.74501,-0.18649,-0.43143,0.37453,-0.8649,329.8003,546.2109375,11.047,14.544
-28706.6027,-135.9865,339.239,9.01631,-2.37507,0.12215,-0.78674,1.91525,-1.64755,338.7649,514.914917,10.516,15.324
-20104.0651,16.896,143.152,1.67772,0,-0.25879,-0.38869,0.19768,-0.38869,107.1548,295.324646,12.486,13.848
-26446.7197,134.0921,266.56,9.0696,-1.56192,-0.39518,-0.785,1.90662,-0.79862,253.2752,456.2866821,10.592,14.449
-28274.5763,481.7233,311.298,7.58145,-2.04178,0.24625,-0.77484,1.91061,-1.17423,270.3458,524.9182739,10.396,15.392
-23917.7529,-92.8769,244.546,7.60081,0,0.33957,-0.16531,0.10543,-0.95172,290.8314,374.2933655,11.713,15.936
-19766.6539,8.925,138.692,1.91005,-0.75438,0.55267,-0.44095,0.37057,-0.75438,102.1328,297.3306885,13.103,17.051
-29547.2568,-453.4549,362.691,8.69494,0,0.24167,-0.28143,0.17384,-1.02616,343.2146,534.538269,11.095,15.167
-24287.635,152.5286,229.449,4.60247,-0.74863,0.58645,-0.45873,0.40811,-1.40661,192.217,413.1203613,12.056,14.438
-18494.1584,-19.3519,111.683,5.0942,-0.77241,0.04389,-0.38778,0.47116,-0.30125,89.0938,258.3860779,11.465,17.345
-33700.1411,89.0542,443.742,9.05842,-1.54816,1.38213,-0.47906,0.42323,-2.74635,371.4352,712.0881958,11.893,14.046
-23052.891,24.0793,255.294,0.00104951,0,-0.5585,-0.06926,0.07144,0,206.2866,413.1112061,11.037,13.455
-26299.7312,122.3317,318.559,2.26975,0,-0.24508,-0.365,0.15915,-0.72999,240.3474,525.7734985,12.364,14.976
-17042.3933,0.5195,101.837,2.54901,0,-0.10021,-0.31547,0.08957,-0.31547,79.1012,235.5770264,12.262,15.241
-25090.7689,-108.8554,262.088,0.834605,0,-0.54418,-0.27466,0.2171,-0.05756,225.3076,440.8222351,11.079,14.441
-21249.4297,19.301,186.879,0.0177296,0,-0.05279,-0.0884,0.0416,0,114.2302,362.655365,15.6,16.934
-27954.3705,-97.0392,323.69,4.2101,0,-0.24423,-0.17831,0.20613,-0.58442,320.045,486.3045959,11.792,15.157
-27070.0453,25.8249,334.086,0.997322,-0.34453,0.27323,-0.39704,0.21159,-1.56594,301.295,484.7045898,11.874,15.107
-18646.4417,-44.2026,121.739,2.15298,-0.36657,0.16159,-0.36657,0.14345,-0.36657,86.1334,265.5760498,15.198,16.458
-25611.6029,159.7801,265.687,5.62447,-1.01739,0.24533,-0.37295,0.23356,-1.36508,211.2602,447.662323,12.003,14.917
-33149.5088,442.5987,356.523,4.38904,-2.26784,1.47863,-0.50859,0.7464,-2.01926,330.3503,560.1901245,9.448,14.674
-26292.3703,23.9233,293.625,4.86065,-0.51792,0.30088,-0.51792,0.50472,-1.26526,232.3248,483.2529297,12.382,14.428
-19080.0478,11.1638,134.317,1.84137,-0.38327,0.06628,-0.38327,0.20912,-0.38327,88.1492,286.0352478,15.549,16.556
-27906.8155,-21.5334,312.947,3.90573,-0.65586,0.10539,-0.3693,0.23048,-1.21413,248.3242,509.825592,12.261,13.774
-27074.7328,267.5544,269.771,11.9116,-3.11466,-0.11872,-0.78705,1.92331,-1.14982,297.7309,431.7575989,10.326,15.24
-32111.1993,389.5792,420.226,8.62189,-1.82629,1.50191,-0.38629,0.43263,-2.19013,383.4,604.5792236,11.257,14.541
-35082.3601,-86.2324,475.367,4.60425,-0.94054,0.13377,-0.41098,0.40124,-1.19917,416.303,696.9781494,11.968,14.753
-16230.6358,4.8071,88.6938,2.60842,0,-0.40923,-0.17539,0.2276,-0.17539,67.0902,221.2260284,13.535,14.322
-28542.6888,-128.0975,339.877,3.57415,-0.45518,1.70142,-0.45518,0.66488,-2.40267,322.2891,505.2969666,11.223,14.736
-19918.6697,13.8806,131.45,0.00120707,-1.52022,0.77974,-0.44455,0.38833,-1.52022,118.089,281.1311035,13.1,17.142
-27266.5931,-198.4251,286.887,3.63313,0,-0.14229,-0.10669,0.09201,-0.40115,291.9914,449.7205811,11.296,14.978
-24782.569,683.5414,209.995,9.00349,-2.21686,0.86054,-0.43428,0.52117,-1.69569,211.1306,357.9763184,10.573,15.994
-16810.4092,0.639,91.2748,1.87459,-0.38541,0.09846,-0.38541,0.20951,-0.38541,60.0956,227.4402924,15.67,16.71
-18763.4694,-47.3616,111.95,3.95366,-0.27088,0.006,-0.28116,0.24745,-0.44359,99.089,256.4689331,12.276,15.914
-21481.55,-148.465,166.359,6.74362,-1.59118,-0.48593,-0.79767,1.90334,-0.38204,157.1868,322.3204956,10.718,15.389
-25788.0131,22.2005,296.46,0.917422,0,-0.80984,-0.08522,0.07236,0,252.3148,456.5586243,10.809,13.809
-25448.735,-59.5882,279.406,1.52446,-0.58077,0.46568,-0.41861,0.38131,-1.00093,239.7011,439.1204224,11.916,15.172
-25793.8209,-109.7985,285.633,2.79405,0,-0.75623,-0.3721,0.20458,-0.3721,243.3074,449.0122375,11.459,13.252
-19752.2112,-114.9568,136.472,4.14845,-0.36361,0.29381,-0.36361,0.36467,-0.73307,133.1828,268.7313538,10.839,14.904
-26635.7302,-162.2325,278.263,9.41866,-1.54026,-0.50549,-0.77316,1.90093,-0.66642,269.3358,465.1863709,10.323,14.513
-21644.6333,18.5361,160.743,5.82145,-0.77147,-0.05503,-0.38639,0.52742,-0.33916,157.5561,307.4826965,10.803,15.598
-20850.5615,250.0562,133.857,2.17126,-0.75779,0.31212,-0.44342,0.39068,-0.80067,199.9758,274.8725891,12.12,16.358
-20768.4834,9.7273,165.073,3.5319,0,0.67746,-0.35181,0.23235,-1.1222,146.1512,315.3018494,10.758,15.6
-23933.2781,-16.2547,214.486,6.41685,-1.13265,0.41721,-0.38577,0.55559,-1.07404,185.1822,365.9491272,10.97,15.604
-31425.1846,-374.5251,358.571,1.80621,0,0.16776,-0.08118,0.11225,-0.49197,395.3267,500.2772827,11.015,15.594
-18508.6415,9.5592,115.531,2.06763,-0.76112,0.41046,-0.44475,0.39285,-0.76112,88.106,256.9899597,13.171,17.014
-26207.0532,11.8489,283.387,7.12338,-1.66424,1.92507,-0.47123,0.51347,-2.84381,254.245,448.808075,11.864,14.732
-26401.3928,4.827,285.32,0.75734,-0.14401,0.09561,-0.14401,0.11019,-0.49088,305.975,444.0482788,11.011,14.902
-24165.5809,-66.6276,236.051,8.35114,-0.89334,0.66447,-0.49484,0.49948,-1.62868,184.2376,406.6899719,12.906,15.606
-24868.1316,250.1728,267.342,2.7835,0,0.77309,-0.41606,0.1977,-1.07983,240.4142,423.8071289,10.896,14.439
-30758.0938,21.7881,412.082,3.82374,-0.92929,0.01501,-0.33813,0.34251,-1.0563,366.8433,583.5130005,10.855,14.97
-23477.5966,-233.9982,216.593,5.59855,-2.1742,-0.58731,-0.8181,1.91032,-0.26388,208.2314,381.743103,10.808,14.433
-25748.7762,-81.1353,304.128,0.085531,0,-0.76326,-0.09464,0.07426,0,254.3306,468.8218689,11.191,13.626
-19794.5506,8.6673,166.289,0.0279046,0,-0.10169,-0.06176,0.03838,0,112.2144,313.0468445,15.504,16.888
-22840.5428,55.5128,216.291,2.99395,-0.37318,-0.00766,-0.37318,0.20528,-0.73608,165.2346,374.9756165,12.286,15.053
-30419.3837,59.4979,380.899,1.86261,-1.17776,0.96949,-0.44049,0.4364,-1.59685,291.3894,573.6387329,11.706,15.212
-21699.0226,13.3319,178.11,4.58158,-0.27753,0.57735,-0.27753,0.58525,-0.95717,174.1221,325.0786438,11.167,15.318
-32910.452,790.1995,422.068,9.24832,-1.55924,1.16355,-0.49013,0.42196,-2.72549,357.4084,679.2984009,11.895,14.048
-23966.3804,-125.9462,243.651,7.78378,-1.62821,-0.97973,-0.81415,1.79302,0.16481,218.2698,409.4877319,10.801,15.37
-21780.5802,73.4714,185.036,0.0183843,0,-0.05785,-0.07491,0.03725,0,114.2302,353.259552,15.579,16.915
-29736.9322,23.0307,314.693,8.54342,-2.00156,0.4314,-0.61228,1.07172,-1.01866,291.2581,505.1948242,9.888,15.116
-29641.2706,55.2199,362.704,2.45655,-1.92713,1.1401,-0.44013,0.43665,-2.33839,295.3346,546.5578613,11.706,15.211
-30200.8933,-228.784,382.09,4.91131,-0.43268,0.46696,-0.43268,0.36844,-1.12092,288.432,561.5986328,12.242,14.72
-30591.1729,-431.6537,327.299,6.53395,-2.13971,0.81597,-0.73087,1.08569,-1.48642,287.3283,527.0456543,9.645,15.378
-20529.522,339.199,150.401,2.56805,-0.83021,0.63863,-0.51525,0.5002,-1.19022,117.1474,303.9588623,13.798,16.287
-15695.3019,-4.8815,68.6461,1.76526,-0.39445,0.17675,-0.39445,0.21211,-0.39445,46.0688,198.7638855,15.902,16.808
-17018.9295,-16.3884,91.1289,2.73987,0,0.28843,-0.3181,0.19145,-0.34342,73.1124,222.7493286,11.395,15.079
-26381.6898,-39.2947,330.203,0.00380603,0,-0.95486,-0.05857,0.0726,0,278.3526,498.8189392,11.318,13.787
-21386.1551,-11.0234,208.723,3.27487,-0.33584,0.10587,-0.33584,0.29521,-0.33584,152.2358,345.7841492,12.797,15.932
-30941.4359,-141.1606,361.609,1.15443,-1.93409,1.69637,-0.44274,0.4365,-2.34357,295.3346,570.2907104,11.709,15.21
-24690.9041,46.7162,238.601,6.09407,-0.68177,0.80328,-0.49558,0.51381,-1.45995,214.6511,419.4556274,11.96,14.636
-26474.5898,212.5811,250.252,4.17583,-0.66182,0.28275,-0.33149,0.49944,-0.28275,295.3365,379.5791016,10.281,16.163
-23049.7282,11.5707,204.295,2.32598,0,-0.14534,-0.06847,0.04767,-0.06847,226.1,386.1509705,12.309,16.216
-26541.2517,151.7499,305.059,3.8969,-0.75527,0.0367,-0.4376,0.38237,-0.92904,271.3332,474.8783569,11.88,13.636
-27040.5476,-39.5368,263.862,8.54504,-3.48317,-1.12765,-0.79233,1.94932,-0.08105,283.3318,425.5738831,10.285,16.065
-22391.3479,8.5097,193.128,3.51149,-0.74176,0.24316,-0.43536,0.44189,-0.97618,173.1708,350.6038208,11.106,14.628
-19938.3482,40.2211,151.234,1.5214,0,-0.12059,-0.40344,0.21975,-0.40344,119.1658,302.4699707,12.491,13.805
-26543.3398,38.218,284.689,1.76102,-0.39427,-0.00593,-0.39427,0.21247,-0.39427,186.3368,514.579834,15.487,16.724
-28023.0769,-188.4084,312.2,10.6819,-3.45969,-1.35924,-0.79605,1.94935,0.04011,319.3648,490.9535522,10.378,15.301
-25207.2151,-21.1893,252.077,2.28213,-0.89342,1.27318,-0.41513,0.48606,-1.64924,261.064,419.3155518,11.373,15.051
-23795.8665,87.3613,240.037,3.8859,-1.49663,0.71264,-0.43808,0.39777,-1.49663,200.234,368.2471619,13.05,16.98
-22655.5729,29.6778,194.394,2.56069,0,-0.00807,-0.21758,0.08067,-0.21758,179.0995,374.1331787,12.443,16.888
-30981.4774,-92.3453,434.654,6.06086,-0.38186,0.04554,-0.38186,0.21136,-1.0786,365.4922,610.4122925,11.468,13.726
-31826.2305,8.2879,388.419,1.07095,0,0.22776,-0.09415,0.12554,-0.22776,474.64,491.0958557,10.16,15.918
-29073.0951,92.1903,336.544,6.80473,-2.0459,0.64297,-0.39471,0.51895,-1.02875,296.2792,488.0612183,10.377,16.071
-32546.5513,82.898,491.582,2.67809,-1.3982,0.3537,-0.39061,0.37878,-1.34169,416.5744,621.0525513,11.914,15.734
-16238.5024,2.1734,68.8081,4.90377,-0.7815,0.10312,-0.39077,0.46819,-0.31331,61.0402,194.7361908,11.501,17.327
-32196.8624,459.6297,403.878,10.4789,-2.53897,0.12533,-0.77974,1.91622,-1.69831,364.4154,616.4642334,10.499,14.437
-26600.6697,-64.8855,264.732,7.89975,-3.47223,-1.17743,-0.78829,1.9457,-0.0206,283.3318,430.7380066,10.196,15.886
-20911.747,-384.2633,147.484,6.77185,-1.64649,-0.42976,-0.82345,1.58458,-0.06191,122.1818,298.9619751,10.671,16.613
-26559.9717,183.6175,298.605,8.33866,-0.94161,0.44485,-0.42777,0.4314,-0.94161,244.2896,480.2110596,11.346,14.468
-27891.4666,-28.6959,272.714,6.16438,-0.82074,0.70828,-0.495,0.51247,-1.47964,258.1036,482.6130981,11.968,14.773
-17402.1954,-20.0914,89.6292,5.04751,-0.77389,0.06172,-0.38862,0.47028,-0.30361,75.067,225.0167236,11.471,17.345
-26822.6874,-198.4022,250.535,10.4237,-1.30213,0.93446,-0.55677,0.73557,-1.47414,229.2485,418.383606,9.547,14.895
-28823.394,-14.3927,336.833,6.2413,-1.1415,0.56386,-0.48082,0.36944,-1.86554,266.3394,559.5146484,12.329,14.535
-25058.9438,177.6151,257.841,6.37238,-0.43598,0.40178,-0.43598,0.36414,-0.98941,211.6907,415.09021,12.216,15.072
-25690.8534,-20.3818,262.407,6.35986,-1.19495,1.03342,-0.47912,0.47017,-1.74014,232.2384,430.7677612,11.487,14.582
-31936.7844,-544.0053,404.481,5.07207,-1.60521,-0.46112,-0.85244,1.11955,-0.69884,356.4109,595.541626,10.906,14.295
-18181.0958,10.9868,99.7327,4.03087,-0.39747,0.17378,-0.39747,0.33869,-0.39747,70.0908,242.0624695,12.115,15.732
-25001.0055,-140.3493,239.895,6.33947,-1.96575,-0.14595,-0.76601,0.97825,-0.9875,214.1573,392.6046753,11.165,15.244
-25055.5043,232.3097,229.806,5.74804,-2.30463,0.56534,-0.34991,0.58759,-1.12979,236.1378,388.528595,11.181,17.051
-28802.0829,45.8898,355.392,10.3559,-0.40435,0.0998,-0.40292,0.25398,-0.90722,302.3754,540.2636719,11.437,11.622
-37012.1123,-94.6416,523.99,3.87591,-1.46084,0.77047,-0.41901,0.42904,-1.46084,390.5618,836.0983887,11.42,15.428
-25598.7929,-51.4223,276.027,10.4098,-1.65355,-0.89177,-0.82682,1.80146,-0.57558,248.299,450.8642578,11.065,14.341
-29878.5718,531.1871,324.355,7.39655,-1.5661,1.01559,-0.53637,1.08024,-1.53707,299.2807,512.6303711,9.957,14.846
-28011.0675,-66.0175,315.682,2.3452,0,-0.02711,-0.09762,0.10315,-0.44915,326.4365,453.7156677,11.33,15.4
-27801.3932,-951.9162,288.023,4.76534,-0.69338,0.78257,-0.45849,0.43562,-1.68815,255.2756,465.3400879,11.499,14.152
-19492.9057,-332.0403,128.422,2.34266,0,-0.25367,-0.12493,0.07824,-0.12493,112.5585,268.0572205,12.116,15.137
-19634.989,-5.8535,135.23,3.30004,-0.39285,0.14363,-0.39285,0.22922,-0.70946,109.1274,283.4125061,12.097,15.302
-28756.2765,-21.9911,335.084,3.35427,-0.43794,0.58867,-0.43794,0.29242,-0.89274,304.6615,499.9893799,11.44,15.66
-24235.8667,46.5137,241.203,1.76115,-0.3943,0.03067,-0.3943,0.21248,-0.3943,158.2832,452.0536499,15.497,16.816
-22682.8867,-350.7549,220.09,0.000930975,0,-0.66563,-0.05914,0.07177,0,178.233,375.3824768,11.139,13.464
-24314.9063,-15.5521,245.205,4.36195,-0.91198,0.85281,-0.46676,0.44785,-1.63844,216.239,403.1767273,11.738,14.818
-29172.8069,-92.0832,338.389,4.34814,-1.05403,0.63034,-0.49162,0.42557,-1.47901,285.342,557.9008789,11.181,14.035
-27663.2214,-215.5719,277.855,4.72341,-1.66534,2.04912,-0.51157,0.51527,-2.49322,230.2632,479.051178,13.435,15.473
-16676.9419,6.6728,84.0597,3.02726,-0.37866,0.24918,-0.37866,0.30179,-0.37866,58.0798,218.4291077,13.012,16.306
-23931.8295,-113.1992,238.141,5.30792,-0.87536,1.11167,-0.45134,0.49774,-1.55394,216.6669,393.5438538,11.645,15.215
-30212.8332,-82.505,386.279,9.67494,-2.00543,0.00582,-0.78565,1.91632,-1.35676,365.8337,582.8840942,10.452,13.941
-27973.0936,-51.6793,318.502,4.7329,-2.46435,0.88194,-0.39136,0.26236,-2.46435,286.281,483.4530029,12.309,14.597
-22817.8002,-50.9614,198.14,2.35799,0,-0.5545,-0.21183,0.07446,0.05721,254.0698,345.1220703,11.469,14.284
-24886.817,-124.3011,238.833,4.21646,0,0.40318,-0.21617,0.12237,-0.64775,267.9292,376.2914124,10.411,15.417
-20729.6219,5.3661,183.315,0.0477278,0,0.02156,-0.14434,0.05636,0,114.2302,332.1702881,15.53,16.954
-21496.245,4.5033,205.709,0.102629,0,-0.58372,-0.10024,0.08697,0,166.222,366.9496155,11.756,14.277
-23090.5159,-1.9062,183.924,7.62696,-1.08574,0.20729,-0.39554,0.52739,-0.93391,168.1518,344.5445251,10.961,14.088
-17901.3299,-130.5829,104.201,0.481284,-0.79822,0.71723,-0.39916,0.31033,-0.79822,76.095,245.8567657,15.383,16.904
-27551.6198,-248.0248,297.342,9.6726,-3.50106,-0.99103,-0.79904,1.96347,-0.39234,303.3042,484.4169312,10.149,15.531
-26895.461,-274.9013,271.609,6.01468,-1.69066,1.35315,-0.52644,0.50619,-2.40485,218.2522,456.7039795,13.753,16.363
-26602.7564,-17.4575,299.934,6.57443,-0.75369,0.46612,-0.43793,0.46448,-1.27406,244.2926,484.1565247,12.024,15.114
-26768.2447,-173.7041,306.422,3.31798,-0.47426,0.75585,-0.47426,0.44216,-1.73502,266.3018,469.3535767,11.566,14.481
-23473.6656,-60.911,197.753,9.69227,-1.2424,0.33538,-0.45142,0.52856,-1.03775,180.1628,366.1656799,10.908,15.044
-18784.7552,-94.9905,122.675,1.51434,0,0.06463,-0.37111,0.13295,-0.37111,85.1486,264.5419312,15.311,15.447
-19547.3543,4.2177,144.366,2.40375,0,-0.06358,-0.29612,0.08991,-0.29612,107.1548,299.5603333,12.206,15.147
-26430.0824,-518.8437,222.528,2.31075,-0.31595,-0.15803,-0.31595,0.25279,-0.28269,370.9158,364.4846802,11.282,15.398
-19706.817,16.1844,159.992,2.26274,0,0.32432,-0.35904,0.13368,-0.70894,114.19,303.8217773,15.116,15.3
-27916.7999,59.5749,370.083,3.01663,-0.73393,0.05444,-0.37237,0.2599,-0.73393,290.4448,500.9659729,12.794,16.109
-26649.1018,32.8058,300.44,5.84803,-1.00744,-0.01245,-0.3868,0.3505,-1.00744,254.2848,497.7084961,11.353,14.261
-25313.1589,-360.6375,241.491,11.0752,-1.5915,0.98769,-0.43519,0.52084,-1.77697,238.1592,428.0778809,9.927,14.524
-31593.2276,145.059,399.254,10.6336,-1.25848,0.64619,-0.54954,0.73488,-1.47256,367.8448,587.0915527,9.502,14.558
-23667.6065,-164.7016,229.693,1.74537,-0.52129,0.03582,-0.26065,0.22442,-0.72367,184.2376,396.1569519,12.082,16.02
-29813.7437,54.7619,311.397,4.52537,-1.23537,0.55549,-0.60653,1.06631,-0.92721,365.9932,473.4260559,9.901,15.112
-25711.2721,170.9086,253.307,4.89116,-1.53818,1.05794,-0.44036,0.43808,-1.88015,221.2122,441.4270325,11.706,15.211
-26603.8447,58.7811,292.43,1.63715,-1.18733,0.82036,-0.44455,0.43644,-1.5673,235.2822,479.1242065,11.714,15.209
-20026.5286,15.4368,175.758,0.038146,0,-0.04608,-0.13648,0.0589,0,112.2144,321.4995422,15.414,17.103
-28389.2438,-326.448,385.175,1.58952,-0.37375,-0.26446,-0.37375,0.20851,-0.46121,306.5054,506.5923157,12.794,15.147
-24635.7405,138.671,229.773,3.48306,0,1.53515,-0.48271,0.42316,-2.10459,201.6583,424.7978516,11.866,15.502
-27991.0902,69.0652,362.07,3.39485,-0.92026,0.51124,-0.38364,0.20977,-1.3039,313.3956,535.4877319,12.267,14.063
-34565.0793,-58.6426,484.528,3.5609,-1.23167,0.24396,-0.36785,0.2303,-1.82635,406.4804,714.3943481,11.929,13.794
-29194.6996,359.6373,355.686,7.51454,-1.19619,1.26452,-0.47961,0.46998,-2.31761,319.3349,523.4669189,11.364,14.479
-19786.7549,466.417,144.769,2.45316,0,-0.00218,-0.28727,0.07937,-0.28727,107.1548,301.6196899,12.136,15.09
-23534.3858,-121.0932,226.218,5.06189,-0.75839,0.35686,-0.41512,0.20595,-1.17351,181.234,383.6253357,12.687,13.657
-14188.6487,-8.2821,47.5521,1.77946,-0.40477,0.20731,-0.40477,0.21419,-0.40477,32.042,163.7472229,16.154,16.895
-24924.6786,327.8988,234.411,6.18932,-0.7602,1.43855,-0.40843,0.36377,-2.46728,209.2072,419.1392212,11.812,14.379
-19973.3768,2.8463,172.037,1.85102,-0.36955,0.13619,-0.36955,0.20516,-0.36955,116.2028,307.7576294,15.355,16.502
-30020.3092,-15.8742,346.348,0.00862177,-1.51878,1.01011,-0.43674,0.38023,-1.51878,258.357,588.9633789,13.12,16.914
-35105.8454,-782.2942,420.856,0.00288135,0,0.41518,-0.04367,0.05179,-0.41517,498.662,538.4028931,10.659,15.93
-24370.6285,1057.0766,225.043,7.2019,-0.86198,0.85706,-0.49144,0.50243,-1.72105,237.0959,383.9838562,11.562,16.294
-32987.0409,-400.9839,412.625,5.82211,-2.71635,0.18846,-0.78792,1.91158,-1.89276,398.3924,639.9875488,10.301,14.223
-19500.6628,8.2743,130.119,1.64202,-0.76256,0.47818,-0.446,0.38474,-1.11326,103.1206,277.8470154,13.13,15.812
-29489.6498,-55.2188,406.417,1.86339,-0.74389,-0.00689,-0.384,0.25922,-0.74389,316.4826,538.7544556,12.799,15.322
-22431.7798,-57.7534,198.151,0.055453,0,-0.29146,-0.19803,0.16647,0,124.2254,389.1593018,14.065,16.275
-28871.3908,162.8083,291.309,7.05379,-1.99173,0.57449,-0.60236,1.07119,-1.06228,297.6496,466.964447,9.776,15.141
-22823.6291,293.6778,175.041,5.13702,-1.51807,0.34408,-0.43815,0.52153,-0.99654,167.1208,326.3497314,10.58,15.649
-27782.2114,-161.1584,299.728,0.00496652,-0.3886,0.31701,-0.19433,0.10387,-0.73067,321.9744,458.9794006,11.133,14.449
-28876.3371,112.4197,355.476,7.82307,-2.03585,0.23169,-0.7735,1.90899,-1.27279,311.3982,560.3925781,10.378,15.399
-26395.3715,208.6744,266.401,6.56308,-1.80896,0.1771,-0.38347,0.53134,-0.74759,240.2152,430.6572876,10.45,15.868
-20566.9457,-7.0644,155.681,1.9817,-0.75457,0.35991,-0.4373,0.38886,-0.75457,116.1596,310.3088989,13.168,16.89
-18268.3749,4.7829,121.493,1.68807,0,-0.31979,-0.38848,0.19769,-0.38848,93.128,264.9863281,12.561,13.853
-27515.6103,-30.3503,353.329,3.22058,-0.65962,-0.43602,-0.32983,0.22923,-0.65962,270.3706,521.5394897,12.282,14.718
-18285.8828,-9.0927,119.551,9.39409,0,0.54359,-0.56943,0.28894,-1.23193,102.1538,257.8528137,12.576,14.333
-26372.6927,-5.578,317.002,3.12923,-0.6715,-0.19866,-0.34112,0.2909,-0.6715,266.339,473.1344604,11.556,14.121
-18908.5652,73.0631,113.09,5.36332,-1.14591,0.40218,-0.3866,0.21685,-1.14591,92.0944,253.8322601,15.201,16.781
-28544.405,-17.1339,393.73,0.00339719,0,-1.30278,-0.07877,0.12127,0,320.433,571.0219116,12.353,14.778
-34943.1573,-208.836,539.509,5.98549,-2.135,0.87661,-0.42753,0.39553,-2.135,444.5668,681.0559082,11.693,15.549
-19113.1857,5.148,132.719,1.77032,-0.39367,0.14557,-0.39367,0.21275,-0.39367,88.1492,284.5550537,15.54,16.793
-23250.2674,109.3606,232.788,0.00332867,0,-0.79322,-0.06735,0.06785,0,180.2488,414.450531,11.642,13.98
-19439.7368,4.5776,148.642,3.11898,-0.36085,0.25476,-0.36085,0.26927,-0.36085,100.1602,288.8748474,12.809,16.201
-24330.7108,-41.329,226.275,10.422,-2.0501,0.03278,-0.79953,1.90459,-1.17445,214.2386,406.4898376,10.712,15.115
-28544.2707,184.4146,306.836,5.23003,-1.25339,0.26018,-0.62456,1.06504,-0.75438,278.3205,489.5580139,10.137,14.647
-21684.8972,127.1302,166.674,2.31426,-0.76425,0.459,-0.38999,0.21395,-0.76425,118.1754,345.4157715,15.251,16.593
-26336.6364,28.7731,289.122,2.01089,-0.76613,0.23781,-0.44746,0.38517,-0.76613,200.3204,516.1068726,13.18,16.755
-29426.9619,36.3048,414.473,4.25859,-0.34289,-0.39788,-0.36357,0.23401,-0.52063,337.4608,546.5248413,11.742,14.819
-26500.3968,-40.4588,325.604,0.0430653,0,-0.70664,-0.07619,0.07455,0,268.3574,493.0027161,11.181,13.623
-30467.2791,-40.8474,416.799,7.54484,-1.78688,0.57394,-0.37871,0.30629,-1.78688,360.4492,542.6033325,11.992,15.614
-29489.2557,-68.4428,350.334,2.2504,-1.41676,0.96171,-0.39297,0.67502,-1.3878,333.2665,502.1311951,10.184,15.604
-31686.4771,224.7053,433.92,4.19706,-0.73301,1.02585,-0.45488,0.42435,-1.82779,343.468,690.2358398,11.076,14.479
-21986.1343,5.0445,180.239,3.17093,-0.85862,0.38826,-0.52571,0.50644,-1.2168,151.1646,346.4043579,12.237,15.079
-26733.4156,20.2557,293.976,5.45794,-0.75268,0.08641,-0.4366,0.38957,-1.10945,273.7183,480.2770081,11.693,13.98
-22462.7759,2.7765,215.254,0.0505857,0,-0.3887,-0.10036,0.06433,0,148.2474,399.2201538,12.444,14.886
-25595.9588,-73.3324,293.049,7.56446,-0.47957,0.43434,-0.47957,0.4168,-0.91604,230.309,473.0056152,11.993,14.195
-33499.609,-31.8407,432.981,0.00549942,-1.51729,0.93789,-0.43653,0.38019,-1.51729,314.4642,697.3864746,13.117,16.898
-21469.747,-79.0253,188.548,9.73183,0,0.65535,-0.4291,0.25654,-0.97564,162.2674,326.1749268,11.546,14.429
-24617.4432,-62.4046,246.891,2.50987,-0.75719,0.59622,-0.49846,0.50171,-1.1454,193.245,420.4823303,12.114,15.013
-26549.3837,15.5865,331.896,3.89299,0,-0.13234,-0.10426,0.11721,-0.41805,364.9132,444.6987915,11.149,15.584
-21713.136,-3.3332,170.338,2.61235,-0.68545,0.05843,-0.38984,0.21604,-0.68545,138.1658,337.5655518,12.396,14.546
-19718.0869,-6.9882,156.852,1.84216,-0.38551,0.00528,-0.38551,0.21049,-0.38551,114.187,303.473999,15.32,16.662
-29901.3706,-26.0981,368.608,2.58684,0,-0.36804,-0.18495,0.20706,-0.36776,307.262,566.0355835,12.157,14.839
-18385.6908,46.9648,101.519,8.66765,0,0.55427,-0.46649,0.45884,-1.45003,84.0804,237.5818176,12.921,15.301
-27253.8008,-16.1089,304.712,3.34756,-0.45321,0.38619,-0.45321,0.29514,-0.93499,257.7775,498.3285828,11.784,15.186
-27133.247,85.2293,323.18,4.13273,0,1.85516,-0.44573,0.41509,-2.10487,257.7655,495.3308105,11.984,15.16
-26147.851,598.5237,295.779,2.9913,-0.47542,0.87969,-0.47542,0.44396,-1.52828,253.303,462.6045837,11.669,14.342
-31717.7068,27.8101,418.47,2.01068,-0.76612,0.12802,-0.44744,0.38519,-0.76612,284.4812,706.7457886,13.18,16.582
-28581.8654,-158.1515,318.92,8.49671,-1.84005,0.47739,-0.7891,1.909,-1.68427,294.3276,513.7689209,10.648,14.421
-18454.4481,12.3252,110.451,1.87189,-0.75625,0.45863,-0.44325,0.35946,-1.08901,89.0938,249.7532501,13.051,16.153
-27335.6518,-416.2234,284.846,9.77263,-1.56398,0.08534,-0.78525,1.91568,-1.33956,264.3014,467.1244202,10.614,14.408
-27057.257,95.8245,316.959,2.96172,-1.23656,0.74759,-0.47126,0.50476,-2.01375,282.2982,494.5052185,12.088,15.059
-21342.5316,-13.3757,156.965,5.11505,-0.46489,0.35547,-0.46489,0.42329,-1.22611,137.1408,312.944458,11.632,15.089
-30323.0586,501.9401,375.871,6.57764,-1.17955,1.19141,-0.47578,0.46942,-2.37888,349.3364,559.234436,11.095,14.548
-16429.943,-6.3845,73.3921,2.04585,-0.77127,0.41601,-0.45239,0.3778,-0.77127,60.0524,201.3168182,13.174,17.099
-32224.0754,313.0029,400.188,7.78514,-0.94084,0.90147,-0.41321,0.3368,-1.96004,449.2472,618.815918,11.241,14.11
-24285.4465,-402.8883,195.198,2.34604,-1.50092,0.45258,-0.42358,0.52728,-1.0375,201.5659,342.1032104,10.601,15.902
-28711.1285,58.0907,322.093,5.50886,-1.63757,1.27572,-0.46275,0.43657,-2.4213,276.2914,508.2062073,11.71,15.21
-25698.3923,-65.2737,265.31,10.0453,-2.23779,-0.74552,-0.8027,1.81099,-0.4268,250.2686,420.0766296,10.718,15.287
-24014.9397,106.2037,231.239,1.22778,-1.54793,1.19619,-0.49631,0.50771,-1.92693,189.2108,402.6079407,12.952,16.181
-19455.8038,-5.2658,131.382,3.04095,-0.75147,0.4314,-0.43668,0.39054,-1.09491,103.1206,275.5584412,13.089,16.012
-22857.8002,7.5601,244.574,0.00393442,0,-0.69461,-0.10239,0.06465,0,182.2646,424.5659485,12.353,14.784
-19469.9453,2.3951,138.64,1.83624,-0.32787,-0.17835,-0.32787,0.22986,-0.32787,108.1396,283.9181213,12.297,14.831
-23507.5871,113.3504,245.22,2.84606,0,-0.41714,-0.34873,0.21312,-0.177,213.2966,400.9724426,11.964,13.613
-27828.7171,-274.4758,303.516,4.51215,-0.74369,0.74723,-0.37197,0.42383,-1.23885,284.1414,474.9406433,11.573,15.312
-24516.2445,-182.4631,234.963,8.46483,-1.11432,0.55276,-0.42284,0.43272,-1.11432,216.1928,398.4504395,11.163,14.476
-31524.2749,535.1161,389.207,7.36472,-1.52945,1.20221,-0.44508,0.43035,-2.63283,349.4038,578.3925781,11.747,15.115
-24437.3436,-32.0119,210.869,11.2566,-1.25944,0.78012,-0.48908,0.56953,-1.34748,214.1984,373.9623108,10.545,15.454
-28856.9694,82.4333,349.249,1.75565,-0.39429,-0.06087,-0.39429,0.21248,-0.39429,228.4172,611.171814,15.479,16.627
-23261.3358,17.2649,193.089,7.19843,-0.78113,0.41672,-0.48041,0.43144,-1.26053,166.1792,365.6769409,11.818,14.702
-35353.9377,50.6514,565.599,1.12098,-2.32425,0.98766,-0.46333,0.3793,-2.72485,465.6288,712.8771362,12.994,16.041
-24501.8093,-51.4512,217.493,4.10568,-1.97004,1.26759,-0.46948,0.38882,-2.3588,189.1676,378.9170532,13.017,16.173
-32828.2638,-20.6288,465.721,2.66656,-0.38688,0.38266,-0.38688,0.21026,-1.39597,403.9689,644.0458984,11.704,13.729
-31496.6067,47.8701,363.663,0.187357,-0.11774,0.51108,-0.11774,0.14123,-0.51106,443.7554,500.4089661,10.367,15.292
-35216.7638,118.0356,421.007,9.36853,-1.66008,0.65461,-0.54457,0.7481,-1.22148,384.4579,661.9508057,9.311,14.822
-22742.8453,131.9291,192.045,6.7886,-0.77172,-0.30855,-0.38697,0.52293,-0.24879,173.1708,344.504364,10.844,14.537
-21911.0378,12.9916,184.141,5.33587,-0.55014,0.37267,-0.55014,0.50458,-1.36156,150.1798,355.4942322,12.277,15.059
-22389.8811,-30.3311,206.014,0.0455816,0,-0.47565,-0.09666,0.06791,0,156.2268,370.9074402,11.718,14.084
-18870.5789,-53.1731,115.984,1.90784,-0.76834,0.60909,-0.43771,0.38133,-0.76834,88.106,266.5195923,13.111,17.08
-27541.1105,1052.5895,290.356,6.9136,-2.03062,0.32537,-0.76895,1.91552,-1.25323,276.7373,486.8378906,10.286,15.622
-27511.9972,631.035,268.782,6.73373,-2.01405,0.45405,-0.60664,1.0733,-1.02366,263.2045,449.2121887,9.876,15.154
-33633.1041,-120.4512,449.339,2.58137,-0.97338,0.09542,-0.42043,0.40273,-1.11828,391.2932,688.1566162,12.057,14.683
-19828.5636,-2.9713,139.165,1.85312,-0.32915,-0.18378,-0.32915,0.22939,-0.32915,108.1396,289.015625,12.292,14.844
-22998.7182,120.3543,191.538,6.51282,-1.50025,0.05433,-0.38022,0.52875,-0.45014,182.1354,343.8362427,10.554,15.983
-20489.2342,-24.9336,147.39,2.08143,-0.74354,0.49171,-0.37753,0.28697,-1.05476,165.4035,271.437561,11.211,17.824
-19402.4773,12.4507,141.572,1.64933,0,-0.24441,-0.38757,0.19892,-0.38757,107.1548,290.0488586,12.488,13.857
-26718.5942,161.4481,283.597,2.57749,0,1.30006,-0.49542,0.40845,-1.95129,227.3268,482.278656,12.098,15.271
-31228.3861,61.1456,465.878,6.10928,-1.42479,0.57846,-0.42027,0.35238,-1.42479,384.5144,594.7108154,11.53,14.946
-25706.2839,23.2034,263.294,2.48153,-1.19381,0.97401,-0.46204,0.43667,-1.65585,219.2396,452.5095825,11.711,15.21
-18774.9115,-85.6063,112.344,1.66417,-0.38003,0.34324,-0.38003,0.14919,-0.38003,74.1224,269.9963684,15.38,16.561
-24543.6965,866.2557,200.727,8.01362,-1.50199,0.40499,-0.43984,0.52312,-0.98398,246.0169,352.8575134,10.622,15.815
-17718.5528,64.8404,104.108,1.71057,0,0.10532,-0.36818,0.1319,-0.36818,71.1218,239.5414429,15.312,15.627
-20595.7812,-8.9941,146.547,1.70991,-1.35308,0.14328,-0.62029,0.52307,-0.67871,140.0982,290.1119385,10.339,15.484
-25131.5213,162.8746,227.111,7.80594,-1.07544,0.15904,-0.39566,0.52743,-0.9236,196.2054,410.3777771,10.963,14.084
-26626.201,-19.9534,291.148,1.84387,0,-0.1424,-0.11833,0.101,-0.385,291.9914,448.4660034,11.307,15.047
-24849.0549,63.7367,249.507,5.46782,-0.51552,1.42414,-0.51552,0.66264,-2.02105,232.2049,426.48349,11.79,14.747
-23037.2794,52.5554,233.719,1.65003,-0.72198,0.09558,-0.36202,0.35582,-0.72198,208.216,387.6257324,10.902,15.292
-35397.577,-5.2236,516.104,0.00265325,-1.49672,0.90892,-0.43863,0.37826,-1.49672,370.5714,770.1970825,13.125,16.874
-31110.556,77.1894,346.953,2.07537,-1.21427,0.8091,-0.5939,1.07518,-1.12282,350.5836,529.8200684,9.843,15.112
-21265.4488,-3.4028,201.512,0.0417247,0,-0.40231,-0.09579,0.07629,0,156.2268,358.5672302,11.641,14.063
-25630.536,-104.3735,256.516,3.30191,-1.46449,1.08346,-0.50012,0.50075,-1.84937,223.228,443.4833679,11.957,15.151
-25522.6525,9.8589,310.371,0.109486,0,-0.70223,-0.07576,0.0708,0,256.3464,470.7662964,11.193,13.676
-18937.6484,35.7213,130.713,4.56948,-0.46395,0.67934,-0.46395,0.37459,-0.89657,99.1322,275.8137512,13.441,15.661
-26007.0943,24.5078,275.623,2.56311,-0.45427,0.53329,-0.45427,0.29515,-0.8242,203.342,478.3268738,13.088,15.559
-25255.7867,110.2815,248.062,5.92583,-0.44381,-0.08204,-0.44381,0.3797,-0.77527,217.285,427.362915,11.643,14.001
-30942.3885,121.3017,403.159,5.53897,-1.16527,0.19232,-0.47762,0.42456,-1.88856,328.4102,619.5836182,11.684,14.907
-32035.834,-190.6582,382.456,9.35092,-1.84289,0.91785,-0.62191,1.06356,-1.46189,362.7642,579.9417114,10.091,14.986
-18875.8642,-4.8163,135.562,1.57898,-0.37791,0.59815,-0.3858,0.15538,-0.76371,101.148,272.1585388,14.938,15.571
-28269.6515,-262.3878,295.695,2.21969,-0.39738,0.30058,-0.20233,0.11122,-0.69666,321.9744,456.3320313,11.044,14.418
-20886.9361,48.3256,152.538,2.88216,-0.85751,0.66367,-0.52649,0.50665,-1.21629,117.1474,322.1795959,13.777,16.352
-21987.7355,10.9007,172.77,8.69061,-1.4742,0.32144,-0.43098,0.51606,-0.95814,167.1208,319.4908752,10.888,15.715
-21920.1073,17.9912,174.571,3.13547,-0.76603,0.4277,-0.44746,0.38533,-1.12675,131.1742,350.2297974,13.179,15.79
-28652.6934,254.5789,355.237,2.45647,-0.75979,0.71701,-0.50055,0.50452,-1.14726,263.379,546.135498,12.079,15.016
-29841.0995,228.6135,353.772,2.33051,-1.43092,1.02403,-0.38947,0.67461,-1.39962,335.2823,519.9810181,10.223,15.943
-20058.786,-8.6375,144.45,3.90984,-0.71815,0.12855,-0.39095,0.35563,-0.71815,122.1232,283.5363159,11.641,15.008
-34993.8153,24.7976,551.241,6.03774,-2.11675,0.92836,-0.41907,0.36052,-2.37818,476.5841,680.3357544,11.593,15.737
-35471.6612,-256.5355,552.535,4.94941,-2.11094,0.90022,-0.4194,0.36198,-2.37647,476.5841,696.6322021,11.753,15.625
-22379.8697,68.8991,208.413,3.4217,0,0.17895,-0.37185,0.14123,-0.68571,162.234,361.3239441,12.057,15.177
-24494.9054,81.2718,214.131,3.71335,-2.5194,0.34618,-0.34516,0.60061,-0.72647,227.0872,395.6072388,11.123,17.858
-31573.1616,119.3389,376.306,10.5558,-3.13473,0.66389,-0.77977,1.89542,-2.19536,362.3564,583.7888184,10.439,15.071
-27597.4602,3.086,314.952,3.71596,-0.43998,0.55241,-0.43998,0.29318,-0.96666,270.2164,481.8903198,11.939,15.622
-30954.8561,172.2034,408.39,9.23707,-1.19247,1.2146,-0.4778,0.46912,-2.28379,359.3995,585.4770508,11.349,14.439
-26981.6714,1.4979,292.358,0.7015,-0.45708,0.52939,-0.45708,0.38279,-1.01304,259.7531,474.1920166,11.381,15.246
-31650.4073,-78.138,353.189,5.52619,-2.23339,0.50027,-0.76029,1.39009,-0.8433,266.3167,587.9385986,10.762,16.953
-30222.3654,-49.7165,346.474,5.01733,-1.67333,0.68939,-0.39669,0.51723,-1.35064,342.1348,536.3735352,10.462,15.051
-18721.1422,-2.4283,127.625,3.06754,-0.365,0.22437,-0.365,0.26065,-0.365,86.1334,271.3504334,12.833,16.192
-24142.9112,-119.9404,212.502,0.876199,0,0.13165,-0.3914,0.7394,-0.24173,239.5063,346.8347168,10.192,15.25
-20964.7535,16.0518,187.571,0.000286301,0,-0.07927,-0.03129,0.02765,0,114.2302,373.4918213,15.627,16.883
-21308.6473,-18.4814,196.602,1.34743,-0.16665,-0.41244,-0.16665,0.07673,-0.16665,168.1946,354.0545349,11.715,14.434
-24503.2054,-11.6861,291.363,0.136572,0,-0.81857,-0.06085,0.06969,0,252.3148,442.348999,11.182,13.672
-24510.5924,224.4118,206.551,10.0217,-1.76014,0.50047,-0.41844,0.52879,-1.23135,197.147,371.6324158,10.989,15.08
-21519.6989,356.5304,153.556,9.34077,-0.81664,-0.12763,-0.40857,0.53403,-0.63718,138.1256,303.3133545,11.143,14.403
-21854.872,-252.8953,168.26,3.70273,-0.63175,0.49059,-0.44328,0.48588,-1.035,169.5671,319.0333252,11.705,14.803
-16537.0716,19.0128,74.755,5.12385,-0.77854,0.62845,-0.42683,0.41657,-0.77854,60.0524,201.8628845,13.279,16.953
-23723.8388,-138.9674,230.655,4.82076,-0.37075,-0.43757,-0.37075,0.23201,-0.30867,198.2238,407.4526672,11.628,14.513
-28855.6697,164.7946,314.442,1.12885,-1.95171,1.30651,-0.44402,0.43648,-2.36077,267.281,497.815033,11.709,15.21
-28505.0081,-148.083,325.654,0.18438,0,-0.29218,-0.11702,0.08432,-0.36536,318.0292,492.9644165,11.494,14.987
-26141.3766,279.6185,270.039,5.96983,-1.58464,1.42182,-0.42159,0.44453,-2.28896,258.233,446.1104736,11.014,15.476
-24279.6395,-54.0895,243.126,3.92883,0,-0.38649,-0.12176,0.08073,-0.23863,223.1012,406.2637024,11.62,14.716
-21321.9204,10.3571,200.977,1.74666,0,-0.51518,-0.23873,0.22854,-0.23873,167.2098,359.0768738,11.918,13.846
-25784.1908,131.8643,254.076,3.16337,-0.81288,0.40151,-0.49347,0.50884,-1.23642,223.6585,447.9688721,12.001,14.768
-21055.1968,-27.4507,175.684,3.12576,-0.37967,-0.14123,-0.37967,0.20921,-0.73585,137.181,334.8883362,12.302,15.049
-21121.6122,14.0804,176.528,0.0506137,0,-0.27312,-0.19798,0.16645,0,110.1986,355.5775146,14.066,16.28
-30549.9542,378.5349,366.562,4.13685,-2.96861,0.15988,-0.77232,1.92504,-1.01846,346.3574,545.2680054,10.126,15.988
-28914.1785,-11.8264,356.228,2.15256,-0.34517,-0.01532,-0.34517,0.24715,-0.8857,370.4895,507.0984192,11.205,15.311
-24556.3051,41.6822,202.56,2.31151,-0.31113,0.08876,-0.31113,0.25164,-0.53745,276.9148,344.9935913,11.241,15.428
-23506.1266,198.6385,200.678,9.55253,-1.35329,0.44556,-0.40125,0.53101,-0.82228,183.1634,370.4014587,10.887,14.63
-27277.821,25.6483,310.326,1.88736,-0.76764,0.44299,-0.43691,0.3809,-0.76764,214.3472,549.3039551,13.113,16.753
-27032.1583,6.3876,258.993,3.28541,-2.22144,1.67957,-0.44065,0.37492,-2.22144,218.206,450.0582886,13.05,17.007
-30662.8635,-13.0004,442.823,7.14749,-1.77869,0.56968,-0.38316,0.3296,-2.04072,392.4665,568.8005981,11.598,15.728
-26838.9204,-0.317,347.091,0.39427,0,0.01107,-0.38834,0.1781,-0.7397,266.3852,511.7869568,12.304,14.787
-30659.9598,172.3227,428.61,2.73261,-0.46244,0.19464,-0.46244,0.37723,-1.45272,339.4796,604.3138428,12.096,15.011
-24932.9484,-253.0677,271.408,0.9174,-1.20415,1.32404,-0.45255,0.5138,-1.91003,236.27,436.0276794,12.076,15.717
-23086.8246,4.7838,191.88,5.58075,-1.13999,0.49585,-0.38626,0.55607,-1.08386,171.1554,338.605896,10.956,15.635
-13079.0476,-0.3084,53.1113,0.00196119,0,-0.17795,-0.08898,0.04454,0,28.0536,168.6442261,13.562,15.736
-25685.4789,2.7797,238.497,8.52784,-2.33543,0.33525,-0.77072,1.91363,-1.40447,230.238,420.4824524,10.37,14.475
-24191.193,6.3619,246.68,3.32883,-1.46726,0.84355,-0.41173,0.36696,-1.46726,210.2292,421.4405212,12.785,15.503
-25525.1315,-74.8339,262.503,2.5847,0,-0.27917,-0.09061,0.10183,-0.26306,257.5463,426.9241028,11.274,14.792
-29588.1088,523.9812,364.617,6.20761,-2.38574,0.38515,-0.77002,1.91083,-1.50851,324.394,572.0822144,10.294,15.527
-27818.3894,169.4293,360.046,4.43628,-0.30131,0.02028,-0.30131,0.26928,-0.56569,290.4201,498.0870361,12.414,15.286
-28988.4424,236.1926,378.686,4.13981,-0.73473,-0.19527,-0.37261,0.29716,-0.73473,298.4242,516.3717651,11.98,15.631
-19468.7737,-1.7084,144.275,0.000288091,0,-0.04264,-0.03135,0.02767,0,86.1766,310.0846252,15.703,17.095
-27327.0059,-4.1965,295.346,8.77382,-1.84691,-3.00E-05,-0.78928,1.90932,-1.24785,280.3008,485.3935547,10.657,14.427
-23494.0433,235.3457,202.556,2.50316,-0.76279,0.60413,-0.50336,0.50559,-1.15,165.1914,383.9714355,12.114,15.015
-27541.48,3.3895,372.275,1.85655,-0.32854,0.00902,-0.36358,0.23041,-0.69212,285.4284,537.7850952,12.195,14.742
-27508.0442,-114.0764,335.588,1.67245,-0.70192,-0.20493,-0.37261,0.22971,-0.70192,272.3864,482.1194763,12.22,14.772
-32031.2878,62.1365,459.385,3.50234,-1.46133,0.66068,-0.43432,0.37263,-1.46133,372.5034,593.8684082,11.837,15.537
-17657.0122,-100.4754,82.4982,6.81396,-0.72684,0.52083,-0.54352,0.52083,-1.41541,76.0548,213.0370331,13.381,15.647
-24816.4889,-26.0835,232.423,1.07332,0,0.2322,-0.10183,0.2174,-0.23221,272.773,357.1887512,10.118,15.954
-21639.4251,33.2057,179.165,2.97949,-0.74176,0.36733,-0.43317,0.35498,-1.05746,149.2074,310.7606506,12.899,15.296
-19450.3111,-41.4831,131.845,1.6897,-0.77832,0.59613,-0.44979,0.43767,-0.77832,100.117,283.2293396,12.203,15.88
-29919.5538,74.4668,388.307,6.53808,-1.39654,0.45986,-0.37818,0.21183,-1.7338,309.4046,566.6673584,12.255,14.492
-22392.2014,24.819,194.018,1.36279,-0.77149,0.31966,-0.45454,0.44136,-1.08177,173.1708,348.3623962,11.166,14.707
-18687.0559,-215.9433,99.2661,6.29483,-0.46612,0.46402,-0.46612,0.35865,-1.03703,93.5127,230.4918518,12.718,16.299
-28291.0024,-179.3635,318.14,11.187,-3.47263,-0.82018,-0.80086,1.96346,-0.36196,317.331,515.1323242,10.152,15.237
-32972.1775,-253.9975,362.406,1.79854,-0.35769,0.61477,-0.18247,0.11428,-0.72906,425.3097,508.2099915,10.691,14.733
-30485.9534,255.4382,340.324,0.334853,-0.37373,0.51331,-0.18713,0.11404,-0.72959,390.8646,492.6019287,10.782,14.627
-24049.7731,4.774,272.176,0.00122423,0,-0.80197,-0.05986,0.06931,0,228.2928,431.6964417,11.283,13.747
-14564.6416,-7.7696,62.706,3.40197,0,0.09692,-0.19031,0.13003,-0.19031,41.0524,181.0596008,13.924,18.405
-27721.1934,-2.5561,362.661,3.05432,-0.36231,-0.03233,-0.36231,0.21007,-1.00623,296.4114,533.8390503,11.331,14.623
-19876.3148,6.4333,155.525,1.80669,-0.37185,0.08998,-0.37185,0.20738,-0.37185,102.176,306.9523315,15.49,16.507
-30293.3892,-183.0597,374.38,6.47347,-2.96956,-0.46975,-0.80816,1.82445,-0.53537,379.3683,553.4072266,8.616,15.393
-28852.3747,-123.142,308.511,2.85725,0,-0.04069,-0.09502,0.09843,-0.42563,326.4365,467.2084656,11.126,15.055
-30362.3532,8.5744,332.25,7.79893,-1.91207,0.78083,-0.41048,0.52488,-2.06307,323.1322,505.2296448,10.791,15.624
-31192.2201,-127.7148,434.01,2.55604,0,0.2644,-0.38761,0.18561,-1.02746,373.9427,606.1245728,11.703,13.73
-24426.6609,-121.9198,241.648,6.82822,-1.915,-0.78727,-0.77834,1.9461,-0.02123,249.3172,399.55896,10.412,15.221
-22639.7791,17.9172,196.859,4.01296,-1.53188,0.72017,-0.44738,0.38547,-1.53188,160.1694,378.1059265,13.178,17.021
-24966.4944,20.7478,252.228,2.2843,-0.42363,0.07926,-0.21215,0.09582,-0.6365,253.0842,417.8428955,11.398,14.215
-25513.9111,227.2858,299.945,0.00752622,0,-0.37956,-0.26453,0.1025,-0.52812,256.3062,486.6873779,11.035,14.369
-17827.6072,-6.4484,115.111,2.8214,0,-0.03693,-0.06708,0.0413,-0.13414,94.1894,250.3845673,11.842,15.449
-27426.6297,104.6204,282.992,1.2615,-1.57243,1.2091,-0.44623,0.43656,-1.99411,237.2548,474.4179077,11.711,15.21
-20521.5036,1.7717,161.238,1.85016,-0.39366,-0.18072,-0.39366,0.21361,-0.39366,122.1664,321.0632324,12.393,14.954
-29917.2392,76.3831,317.013,2.52878,-0.38065,0.39873,-0.19065,0.1157,-0.68668,356.4195,472.3686829,10.883,14.51
-28087.6347,49.2169,340.887,3.32174,-0.5605,0.69762,-0.38024,0.29377,-1.51063,293.7523,511.4438782,11.8,14.982
-22110.6943,94.4373,203.793,0.0441126,0,-0.40439,-0.09464,0.07466,0,156.2268,362.7072754,11.702,14.078
-37211.9128,1289.8502,485.52,6.55189,-2.50848,0.42656,-0.62117,1.07188,-1.42368,466.4579,735.6398926,10.064,14.724
-30710.4535,494.003,388.057,3.57778,-1.1935,1.09693,-0.47623,0.46894,-2.71196,364.351,562.9440308,11.204,14.233
-21489.9433,-7.3192,164.623,4.07236,-1.39912,0.41711,-0.44089,0.43961,-1.39912,154.122,307.4003906,11.564,14.938
-27897.0131,18.407,339.894,5.68215,-0.70237,0.3926,-0.44207,0.37799,-1.12088,271.3584,515.2086792,11.687,13.928
-32758.5005,-525.3981,403.098,5.23005,-0.61981,1.26672,-0.43573,0.66329,-2.41903,394.3001,620.1217041,11.442,14.683
-29203.8373,147.8925,302.617,8.93119,-2.86413,0.40513,-0.74259,1.36385,-0.9756,275.1975,504.1974182,10.225,15.768
-29561.3835,150.1727,338.558,1.1981,-1.56205,0.93701,-0.49872,0.50956,-2.1741,300.3134,570.8458862,11.982,14.589
-27120.3268,-63.9493,310.503,2.21849,-0.72958,0.54892,-0.42722,0.38647,-1.11634,247.3364,477.7671509,12.289,15.024
-27100.075,-68.0709,292.483,2.22332,-0.52508,0.03685,-0.31437,0.24009,-0.83254,289.5451,461.0133667,11.585,14.95
-19435.4521,-82.5338,116.258,1.99277,-0.76387,0.58772,-0.44154,0.37242,-0.76387,88.106,269.0452881,13.113,17.077
-25820.0978,-319.3572,255.327,5.01739,-2.74324,-1.17705,-0.8298,1.94742,0.09596,267.3324,421.1669006,10.399,15.778
-17747.122,0.8802,92.1932,5.06042,-0.55152,0.73814,-0.55152,0.50408,-1.37137,74.0822,232.3136902,14.193,15.809
-21234.1696,44.3577,152.94,7.76483,-0.78442,-0.11751,-0.39249,0.52348,-0.63681,138.1256,303.3388062,10.965,14.213
-29191.9793,556.2295,370.747,1.75478,-0.24268,0.8136,-0.40359,0.3309,-1.53759,327.8127,546.0799561,11.34,14.088
-24327.9626,53.1754,288.706,0.00131038,0,-0.92663,-0.06614,0.06754,0,230.3086,476.9698486,11.691,14.173
-21257.0785,100.1858,175.988,0.0036595,0,-0.01779,-0.0936,0.09957,-0.28066,181.4487,316.5698242,11.571,15.543
-25669.0945,-32.0226,272.42,2.98444,-0.43383,0.0742,-0.45215,0.45967,-1.00747,231.2536,475.738678,11.982,14.994
-18905.6955,-7.0672,126.453,3.10771,-0.36949,0.1926,-0.36949,0.25373,-0.36949,86.1334,282.2399292,12.868,16.195
-32675.3417,-245.6725,438.091,2.94893,-0.93865,0.17911,-0.41332,0.40777,-1.05826,349.4286,642.5148926,11.97,14.702
-20339.2292,3.6033,158.603,7.0575,0,-0.02656,-0.15344,0.08499,-0.30682,128.133,305.0411987,11.351,15.43
-19868.7778,-9.4119,130.703,9.10779,-0.49075,0.90867,-0.49075,0.45251,-1.73529,129.0935,270.6947327,11.667,14.608
-25995.5018,-106.1144,277.719,2.82067,0,-0.46738,-0.37033,0.206,-0.45835,240.3222,462.1537781,11.185,13.829
-23557.9861,102.5688,197.634,4.62766,-1.69934,0.57731,-0.3901,0.52623,-1.17311,197.147,355.0434875,10.729,15.01
-16185.3104,-11.4161,70.2356,5.17815,-0.56113,0.50248,-0.56113,0.50248,-1.35083,60.0554,199.6749725,14.228,16.104
-23697.2803,-42.728,185.938,6.04821,-1.50866,0.03415,-0.38105,0.52624,-0.45634,182.1354,341.9424438,10.57,15.897
-32176.91,-604.7468,353.955,8.71756,-1.63015,0.62555,-0.81514,1.92294,-2.80577,337.4322,580.171875,10.924,14.815
-24947.269,-256.7977,231.733,3.75148,-1.20896,0.81843,-0.46933,0.3705,-1.67245,191.2446,399.303833,12.996,15.184
-19558.3832,-19.7052,145.299,2.48931,0,0.01787,-0.30163,0.09096,-0.30163,107.1548,299.4517822,12.1,15.088
-26553.5051,104.9949,269.904,3.52084,-1.66798,1.21333,-0.47864,0.43688,-2.4229,236.2268,461.9148254,11.712,15.209
-30912.0302,-125.0348,450.269,6.72933,-1.43847,0.34775,-0.39761,0.40505,-1.43847,374.5192,576.3969727,11.728,15.976
-22631.7414,-329.3024,193.378,5.36851,-0.92452,1.52506,-0.47696,0.51316,-2.07821,180.1658,349.1856995,11.907,14.708
-21788.0022,3.5097,181.35,6.09854,-0.81011,0.17092,-0.48064,0.3701,-1.1843,151.1646,340.4301147,12.221,14.828
-24080.381,-26.4394,233.772,2.36494,0,-0.61233,-0.3846,0.19928,-0.3846,193.2476,399.208313,11.204,13.219
-21939.586,31.1595,204.738,0.0447268,0,-0.39886,-0.10922,0.07747,0,156.2268,372.1121826,11.693,14.076
-20878.8521,-28.3581,161.402,4.21506,-0.87373,0.3201,-0.43977,0.31763,-0.87373,140.1384,317.0773926,11.82,14.669
-26989.6938,11.8398,353.225,3.16291,-0.33379,-0.07361,-0.33379,0.28118,-0.33379,274.4454,485.6750793,12.858,15.914
-24715.581,19.4362,272.173,4.7525,-0.34778,0.05223,-0.37923,0.25805,-0.74755,225.3482,389.5557556,12.68,15.231
-27822.1391,191.7587,321.63,2.43136,-1.39486,0.76441,-0.44363,0.36767,-1.7228,265.3084,509.7983398,12.385,14.448
-20794.5645,48.9612,137.506,2.01193,-0.76317,0.5685,-0.44137,0.37238,-0.76317,102.1328,301.2148438,13.108,17.068
-16112.9333,-5.6863,85.6062,0.381662,-0.13891,-0.32476,-0.15839,0.13969,-0.13891,68.075,214.0557251,12.927,14.796
-16448.9499,-7.9144,82.5698,2.49451,0,0.24204,-0.2036,0.24204,-0.40685,84.9328,201.4446259,12.256,17.841
-26854.1174,-560.6778,308.411,5.83316,0,0.97858,-0.45656,0.2897,-1.66926,270.3514,471.5574951,10.998,14.357
-18047.0293,-12.333,114.16,1.45729,-0.37426,0.36596,-0.37426,0.13749,-0.74351,87.1212,252.3343048,15.15,15.358
-21013.074,-17.5652,160.432,0.520048,-0.76987,0.66199,-0.44133,0.44308,-1.09185,137.1378,315.7475586,11.521,15.51
-32886.7388,-84.7589,490.259,5.58544,-2.07176,0.93596,-0.38249,0.32948,-2.33296,434.5037,593.7130737,11.592,15.743
-22427.6661,30.0056,218.077,0.133004,0,-0.66261,-0.06015,0.0687,0,178.233,371.7520752,11.556,14.007
-19799.3059,47.0641,138.201,2.09049,-0.77091,-0.09561,-0.45236,0.4554,-0.50178,128.1454,272.9131775,11.679,15.308
-33675.5927,-21.0265,478.703,3.81791,-0.8935,-0.09167,-0.35702,0.21644,-0.8935,376.4944,722.4853516,12.168,14.499
-27378.8837,-1239.3206,267.843,1.88794,-0.7676,0.47949,-0.43688,0.38094,-0.7676,186.2936,490.0866089,13.113,16.859
-23547.8901,-31.3988,244.836,0.00219346,0,-0.3909,-0.1217,0.08104,-0.2433,223.1012,408.0617371,11.509,14.631
-22508.7407,-50.1159,227.04,0.0658703,0,-0.05567,-0.07938,0.07319,0,162.2742,383.672699,12.269,14.755
-27726.2421,-28.5992,312.023,2.90889,-1.563,1.05107,-0.44332,0.43674,-1.98778,263.2926,498.6098328,11.709,15.21
-27979.3356,24.5699,307.673,7.99705,-1.56432,0.12802,-0.78983,1.90814,-1.33749,278.3282,501.8950806,10.656,14.422
-23274.8343,13.0072,254.525,2.27577,0,-0.63515,-0.36304,0.20425,-0.36304,217.2696,404.5418396,11.733,13.58
-29782.2713,224.7478,381.334,7.43803,-0.45398,0.58956,-0.45398,0.36276,-1.28821,307.3944,575.1503296,11.698,14.192
-25596.4876,68.6031,267.028,2.01547,-0.76611,0.25616,-0.44747,0.38516,-0.76611,186.2936,485.3204651,13.18,16.806
-26395.428,-39.5752,266.556,9.66165,-3.47505,-1.14793,-0.7876,1.94937,-0.0608,283.3318,426.7894592,10.233,16.004
-28934.4266,117.4627,307.789,3.77918,-1.03141,0.99295,-0.38885,0.36631,-1.69059,318.5433,466.1365662,10.455,15.442
-36795.6109,166.7459,505.088,11.8371,-2.49933,0.84383,-0.77417,1.91123,-2.46231,445.5354,771.5485229,10.382,15.419
-22796.5336,166.0655,193.091,7.34843,-0.78656,-0.29955,-0.39465,0.52402,-0.26254,173.1708,348.5960083,10.795,14.444
-20652.0244,16.7073,158.648,3.47575,-0.30638,0.40732,-0.34031,0.29036,-0.86079,142.1752,304.7593689,11.494,15.631
-19653.9149,12.2079,158.408,1.25272,0,0.35393,-0.37072,0.09328,-0.37072,101.1912,318.6445923,15.062,15.347
-26299.5018,-5.3731,333.525,3.06734,-0.35837,-0.38839,-0.36906,0.20828,-0.72743,267.37,484.0611877,12.223,14.898
-37434.1096,497.7903,549.275,9.47651,-2.76983,0.78547,-0.77421,1.91223,-2.41,494.0043,820.3442993,10.383,14.828
-28200.7782,5.6402,292.426,8.04177,-2.00202,0.52071,-0.60926,1.07279,-1.02197,277.2313,474.7462769,9.901,15.126
-30146.769,-329.0945,333.063,3.43526,0,0.06729,-0.09259,0.11022,-0.45453,360.8816,485.8082886,11.005,15.296
-19110.6628,-58.4017,112.564,1.83988,-0.80931,0.69326,-0.48332,0.52183,-1.22721,103.0804,250.5993347,11.71,16.453
-21558.62,252.8999,164.903,2.80639,-0.69789,0.30609,-0.39757,0.35678,-0.69789,136.15,323.0278931,11.713,14.706
-29889.1016,543.2065,356.936,5.06689,-2.16789,0.25038,-0.76994,1.88535,-1.27595,351.3944,542.7979736,10.253,14.609
-25180.3554,-65.5897,277.194,5.25509,-0.91537,0.88122,-0.46357,0.50142,-1.53724,234.2974,453.0004883,11.942,14.971
-17889.4991,8.9072,105.855,3.04336,-0.37879,0.23208,-0.37879,0.3019,-0.37879,72.1066,252.3025055,13.01,16.283
-17729.9786,-2.2429,104.457,3.11868,-0.37023,0.21254,-0.37023,0.25428,-0.37023,72.1066,249.5191193,12.864,16.223
-27653.21,65.5157,337.132,1.86094,-1.1773,0.95175,-0.44096,0.4365,-1.58148,263.3358,500.6204224,11.709,15.211
-24521.2552,-27.9674,262.735,0.0487726,0,-0.6198,-0.09572,0.07196,0,206.2866,436.2971191,11.128,13.461
-17981.4444,-5.1278,112.34,1.71752,-0.39226,0.17334,-0.39226,0.21181,-0.39226,74.1224,255.2703552,15.595,16.788
-27294.2293,-116.4033,328.061,6.18017,-0.25817,0.28121,-0.25817,0.12335,-0.82118,389.3199,442.5428467,11.266,16.239
-36016.8725,-159.0484,502.817,3.69937,-0.93048,0.67991,-0.40963,0.66462,-1.78062,449.8562,742.619751,11.585,14.643
-27442.6916,105.5227,326.791,2.92169,-1.53865,0.83186,-0.49242,0.50455,-1.91131,265.3084,515.7813721,12.313,15.025
-22668.0223,-17.7237,218.713,0.0340903,0,-0.59212,-0.10752,0.07833,0,168.2378,389.8683777,11.902,14.375
-29382.3655,-65.6502,331.903,9.3275,-2.10108,0.81956,-0.78846,1.90831,-2.01373,310.327,530.7507324,10.639,14.418
-28650.0306,-74.7287,326.331,7.62025,-2.46905,0.12813,-0.79414,1.92006,-1.68165,330.7423,521.4887085,10.63,14.872
